"","order","participant","group","age","gender","condition","version","demoOrder","firstSet","test","firstPicture","answer","choice","p1","p2","p3","p4","p5","p6","acc_p1","acc_p2","acc_p3","acc_p4","acc_p5","acc_p6","acc_1","acc_2","acc_3","acc_4","acc_5","acc_6","ave_acc","ave_PTS","ave_IG"
"1",1,"EI_RPP_44EL","adults",20,"M","baseline","new","['G', 'Y', 'R']","B","(2, 4, 6, 1, 5, 3)","[1, 2, 1, 1, 2, 1]","('R', 'Y', 'R', 'G', 'G', 'Y')","('R', 'Y', 'R', 'G', 'G', 'Y')",2,3,1,1,2,3,1,1,1,1,1,1,1,1,1,1,1,1,1,0.666666666666667,1
"2",2,"EI_RPP_45MJ","adults",20,"M","baseline","new","['R', 'G', 'Y']","B","(6, 4, 2, 3, 5, 1)","[2, 1, 1, 2, 1, 2]","('R', 'Y', 'R', 'Y', 'G', 'G')","('R', 'Y', 'R', 'Y', 'G', 'G')",2,3,1,1,2,3,1,1,1,1,1,1,1,1,1,1,1,1,1,0.666666666666667,1
"3",3,"EI_RPP_46AS","adults",20,"F","baseline","new","['Y', 'R', 'G']","A","(3, 1, 5, 6, 2, 4)","[2, 2, 1, 2, 1, 1]","('Y', 'G', 'G', 'R', 'R', 'Y')","('Y', 'G', 'G', 'R', 'R', 'Y')",2,3,1,1,2,3,1,1,1,1,1,1,1,1,1,1,1,1,1,0.666666666666667,1
"4",4,"EI_RPP_47NU","adults",20,"F","baseline","new","['R', 'G', 'Y']","A","(3, 5, 1, 2, 6, 4)","[2, 2, 2, 2, 2, 2]","('Y', 'G', 'G', 'R', 'R', 'Y')","('Y', 'G', 'G', 'R', 'R', 'Y')",2,3,1,1,2,3,1,1,1,1,1,1,1,1,1,1,1,1,1,0.666666666666667,1
"5",5,"EI_RPP_48VK","adults",19,"M","baseline","new","['G', 'Y', 'R']","B","(6, 2, 4, 5, 3, 1)","[2, 1, 2, 1, 2, 1]","('R', 'R', 'Y', 'G', 'Y', 'G')","('Y', 'G', 'G', 'Y', 'R', 'R')",3,2,3,2,1,1,1,0,0,1,1,0,0,0,1,1,0,1,0.5,0,0
"6",6,"EI_RPP_49KS","adults",19,"F","baseline","new","['Y', 'R', 'G']","B","(4, 2, 6, 5, 1, 3)","[1, 2, 1, 1, 2, 1]","('Y', 'R', 'R', 'G', 'G', 'Y')","('Y', 'R', 'G', 'R', 'Y', 'Y')",1,3,1,1,3,2,1,0,1,0,0,1,0,0,1,0,1,1,0.5,0.916666666666667,0.5
"7",7,"EI_RPP_50CV","adults",22,"F","baseline","new","['Y', 'G', 'R']","A","(1, 5, 3, 2, 4, 6)","[2, 2, 2, 2, 1, 1]","('G', 'G', 'Y', 'R', 'Y', 'R')","('Y', 'G', 'Y', 'Y', 'Y', 'R')",1,1,1,1,2,3,1,1,1,1,1,1,1,1,1,1,1,1,1,0.833333333333333,0.666666666666667
"8",8,"EI_RPP_51AG","adults",20,"F","baseline","new","['Y', 'R', 'G']","B","(4, 2, 6, 3, 5, 1)","[2, 2, 2, 1, 1, 1]","('Y', 'R', 'R', 'Y', 'G', 'G')","('Y', 'R', 'R', 'Y', 'G', 'G')",2,3,1,1,2,3,1,1,1,1,1,1,1,1,1,1,1,1,1,0.666666666666667,1
"9",9,"EI_RPP_52SC","adults",20,"F","baseline","new","['G', 'R', 'Y']","B","(2, 6, 4, 3, 5, 1)","[2, 1, 2, 2, 1, 1]","('R', 'R', 'Y', 'Y', 'G', 'G')","('R', 'R', 'Y', 'Y', 'G', 'G')",2,3,1,1,2,3,1,1,1,1,1,1,1,1,1,1,1,1,1,0.666666666666667,1
"10",10,"EI_RPP_53AG","adults",20,"F","baseline","new","['R', 'Y', 'G']","A","(1, 3, 5, 4, 2, 6)","[2, 2, 2, 1, 1, 2]","('G', 'Y', 'G', 'Y', 'R', 'R')","('G', 'Y', 'G', 'Y', 'Y', 'R')",2,1,1,1,2,3,1,1,1,1,1,1,1,1,1,1,1,1,1,0.75,0.833333333333333
"11",11,"EI_RPP_54AO","adults",19,"F","baseline","new","['Y', 'G', 'R']","B","(4, 2, 6, 3, 1, 5)","[2, 2, 1, 1, 1, 1]","('Y', 'R', 'R', 'Y', 'G', 'G')","('Y', 'Y', 'R', 'Y', 'G', 'G')",2,1,1,1,2,3,1,0,1,1,1,1,1,0,1,1,1,1,0.833333333,0.75,0.833333333333333
"12",12,"EI_RPP_55MG","adults",22,"F","baseline","new","['G', 'R', 'Y']","A","(1, 5, 3, 6, 2, 4)","[2, 1, 1, 1, 2, 2]","('G', 'G', 'Y', 'R', 'R', 'Y')","('G', 'G', 'Y', 'R', 'Y', 'Y')",2,1,1,1,2,3,1,0,1,1,1,1,1,1,1,1,0,1,0.833333333,0.75,0.833333333333333
"13",13,"EI_RPP_56KR","adults",32,"M","baseline","new","['R', 'Y', 'G']","B","(6, 2, 4, 1, 3, 5)","[2, 2, 2, 2, 1, 2]","('R', 'R', 'Y', 'G', 'Y', 'G')","('R', 'Y', 'Y', 'G', 'G', 'R')",2,1,2,1,3,3,0,0,1,1,0,0,0,0,1,0,1,0,0.333333333,0.833333333333333,0.5
"14",14,"EI_RPP_57RM","adults",33,"M","baseline","new","['G', 'R', 'Y']","A","(1, 3, 5, 4, 6, 2)","[1, 2, 1, 2, 1, 2]","('G', 'Y', 'G', 'Y', 'R', 'R')","('G', 'Y', 'G', 'Y', 'R', 'R')",2,3,1,1,2,3,1,1,1,1,1,1,1,1,1,1,1,1,1,0.666666666666667,1
"15",15,"EI_RPP_58KT","adults",21,"F","baseline","new","['Y', 'R', 'G']","B","(2, 6, 4, 3, 5, 1)","[1, 1, 1, 1, 2, 1]","('R', 'R', 'Y', 'Y', 'G', 'G')","('R', 'R', 'Y', 'Y', 'G', 'G')",2,3,1,1,2,3,1,1,1,1,1,1,1,1,1,1,1,1,1,0.666666666666667,1
"16",16,"EI_RPP_59MH","adults",19,"M","baseline","new","['R', 'G', 'Y']","B","(2, 6, 4, 5, 1, 3)","[1, 2, 1, 2, 1, 1]","('R', 'R', 'Y', 'G', 'G', 'Y')","('Y', 'R', 'Y', 'G', 'G', 'Y')",2,1,1,1,2,3,1,0,1,1,1,1,0,1,1,1,1,1,0.833333333,0.75,0.833333333333333
"17",17,"EI_RPP_60JR","adults",20,"F","baseline","new","['Y', 'R', 'G']","A","(1, 5, 3, 2, 6, 4)","[2, 1, 1, 2, 1, 2]","('G', 'G', 'Y', 'R', 'R', 'Y')","('G', 'G', 'Y', 'R', 'R', 'Y')",2,3,1,1,2,3,1,1,1,1,1,1,1,1,1,1,1,1,1,0.666666666666667,1
"18",18,"EI_RPP_61AD","adults",20,"M","baseline","new","['G', 'Y', 'R']","B","(2, 6, 4, 5, 3, 1)","[1, 1, 1, 1, 2, 1]","('R', 'R', 'Y', 'G', 'Y', 'G')","('R', 'R', 'Y', 'G', 'Y', 'G')",2,3,1,1,2,3,1,1,1,1,1,1,1,1,1,1,1,1,1,0.666666666666667,1
"19",19,"EI_RPP_62AH","adults",21,"F","baseline","new","['G', 'R', 'Y']","B","(6, 4, 2, 3, 1, 5)","[1, 1, 1, 1, 2, 2]","('R', 'Y', 'R', 'Y', 'G', 'G')","('R', 'Y', 'R', 'Y', 'G', 'G')",2,3,1,1,2,3,1,1,1,1,1,1,1,1,1,1,1,1,1,0.666666666666667,1
"20",20,"EI_RPP_63AJ","adults",20,"F","baseline","new","['G', 'Y', 'R']","B","(2, 4, 6, 3, 5, 1)","[1, 2, 1, 1, 2, 1]","('R', 'Y', 'R', 'Y', 'G', 'G')","('R', 'Y', 'R', 'Y', 'G', 'G')",2,3,1,1,2,3,1,1,1,1,1,1,1,1,1,1,1,1,1,0.666666666666667,1
"21",21,"EI_RPP_64SB","adults",19,"F","baseline","new","['Y', 'R', 'G']","A","(3, 5, 1, 4, 6, 2)","[1, 2, 2, 2, 2, 2]","('Y', 'G', 'G', 'Y', 'R', 'R')","('R', 'Y', 'R', 'Y', 'G', 'G')",3,2,3,1,1,2,1,1,1,1,1,1,1,1,1,1,1,1,1,0.333333333333333,0.166666666666667
"22",22,"EI_RPP_65BK","adults",21,"F","baseline","new","['R', 'G', 'Y']","A","(5, 3, 1, 2, 6, 4)","[1, 1, 1, 1, 2, 1]","('G', 'Y', 'G', 'R', 'R', 'Y')","('G', 'Y', 'G', 'R', 'R', 'Y')",2,3,1,1,2,3,1,1,1,1,1,1,1,1,1,1,1,1,1,0.666666666666667,1
"23",23,"EI_RPP_68LT","adults",19,"F","baseline","new","['Y', 'G', 'R']","A","(3, 1, 5, 4, 2, 6)","[1, 2, 1, 2, 2, 1]","('Y', 'G', 'G', 'Y', 'R', 'R')","('Y', 'G', 'G', 'Y', 'R', 'R')",2,3,1,1,2,3,1,1,1,1,1,1,1,1,1,1,1,1,1,0.666666666666667,1
"24",24,"EI_RPP_71TN","adults",19,"M","baseline","new","['Y', 'G', 'R']","B","(4, 6, 2, 3, 1, 5)","[1, 1, 1, 1, 2, 1]","('Y', 'R', 'R', 'Y', 'G', 'G')","('Y', 'R', 'Y', 'Y', 'G', 'G')",2,1,1,1,2,3,1,0,1,1,1,1,1,1,0,1,1,1,0.833333333,0.75,0.833333333333333
"25",25,"EI_RPP_74AR","adults",18,"F","baseline","new","['G', 'Y', 'R']","B","(2, 6, 4, 1, 3, 5)","[1, 2, 1, 2, 2, 2]","('R', 'R', 'Y', 'G', 'Y', 'G')","('R', 'R', 'Y', 'G', 'Y', 'G')",2,3,1,1,2,3,1,1,1,1,1,1,1,1,1,1,1,1,1,0.666666666666667,1
"26",26,"EI_RPP_77LB","adults",23,"M","baseline","new","['R', 'Y', 'G']","B","(2, 4, 6, 1, 5, 3)","[1, 1, 2, 2, 2, 2]","('R', 'Y', 'R', 'G', 'G', 'Y')","('R', 'Y', 'R', 'G', 'G', 'Y')",2,3,1,1,2,3,1,1,1,1,1,1,1,1,1,1,1,1,1,0.666666666666667,1
"27",27,"EI_RPP_81TT","adults",19,"F","baseline","new","['Y', 'R', 'G']","A","(1, 5, 3, 2, 6, 4)","[2, 2, 2, 2, 2, 1]","('G', 'G', 'Y', 'R', 'R', 'Y')","('G', 'G', 'Y', 'R', 'R', 'Y')",2,3,1,1,2,3,1,1,1,1,1,1,1,1,1,1,1,1,1,0.666666666666667,1
"28",28,"EI_RPP_84KT","adults",20,"M","baseline","new","['G', 'Y', 'R']","A","(3, 1, 5, 2, 6, 4)","[1, 1, 1, 1, 1, 1]","('Y', 'G', 'G', 'R', 'R', 'Y')","('Y', 'G', 'G', 'R', 'R', 'Y')",2,3,1,1,2,3,1,1,1,1,1,1,1,1,1,1,1,1,1,0.666666666666667,1
"29",29,"EI_RPP_92TT","adults",20,"F","baseline","new","['R', 'G', 'Y']","A","(5, 3, 1, 4, 2, 6)","[2, 2, 2, 2, 2, 2]","('G', 'Y', 'G', 'Y', 'R', 'R')","('G', 'Y', 'G', 'Y', 'R', 'R')",2,3,1,1,2,3,1,1,1,1,1,1,1,1,1,1,1,1,1,0.666666666666667,1
"30",30,"EI_RPP_01JHL","adults",20,"M","explanation","new","['G', 'R', 'Y']","B","(6, 4, 2, 3, 1, 5)","[2, 1, 2, 2, 1, 2]","('R', 'Y', 'R', 'Y', 'G', 'G')","('R', 'Y', 'R', 'Y', 'G', 'G')",2,3,1,1,2,3,1,1,1,1,1,1,1,1,1,1,1,1,1,0.666666666666667,1
"31",31,"EI_RPP_05AB","adults",20,"F","explanation","new","['Y', 'G', 'R']","B","(2, 6, 4, 3, 1, 5)","[2, 2, 1, 1, 1, 1]","('R', 'R', 'Y', 'Y', 'G', 'G')","('R', 'R', 'Y', 'Y', 'G', 'G')",2,3,1,1,2,3,1,1,1,1,1,1,1,1,1,1,1,1,1,0.666666666666667,1
"32",32,"EI_RPP_07NS","adults",22,"M","explanation","new","['Y', 'G', 'R']","A","(3, 5, 1, 4, 6, 2)","[1, 1, 2, 1, 2, 1]","('Y', 'G', 'G', 'Y', 'R', 'R')","('Y', 'G', 'G', 'Y', 'R', 'R')",2,3,1,1,2,3,1,1,1,1,1,1,1,1,1,1,1,1,1,0.666666666666667,1
"33",33,"EI_RPP_09MH","adults",21,"F","explanation","new","['R', 'G', 'Y']","A","(5, 3, 1, 2, 4, 6)","[1, 2, 2, 2, 2, 2]","('G', 'Y', 'G', 'R', 'Y', 'R')","('G', 'Y', 'G', 'R', 'Y', 'R')",2,3,1,1,2,3,1,1,1,1,1,1,1,1,1,1,1,1,1,0.666666666666667,1
"34",34,"EI_RPP_11BR","adults",21,"F","explanation","new","['R', 'Y', 'G']","B","(6, 4, 2, 1, 3, 5)","[1, 1, 1, 2, 1, 2]","('R', 'Y', 'R', 'G', 'Y', 'G')","('R', 'Y', 'R', 'G', 'Y', 'G')",2,3,1,1,2,3,1,1,1,1,1,1,1,1,1,1,1,1,1,0.666666666666667,1
"35",35,"EI_RPP_13AW","adults",20,"F","explanation","new","['Y', 'G', 'R']","B","(2, 6, 4, 3, 1, 5)","[2, 1, 1, 2, 2, 2]","('R', 'R', 'Y', 'Y', 'G', 'G')","('R', 'R', 'Y', 'Y', 'Y', 'G')",1,3,1,1,2,3,1,1,1,1,1,1,1,1,1,1,1,1,1,0.75,0.833333333333333
"36",36,"EI_RPP_15YHC","adults",19,"F","explanation","new","['R', 'Y', 'G']","B","(6, 4, 2, 3, 5, 1)","[1, 2, 1, 2, 2, 1]","('R', 'Y', 'R', 'Y', 'G', 'G')","('R', 'Y', 'R', 'Y', 'G', 'G')",2,3,1,1,2,3,1,1,1,1,1,1,1,1,1,1,1,1,1,0.666666666666667,1
"37",37,"EI_RPP_17EB","adults",19,"F","explanation","new","['R', 'Y', 'G']","B","(2, 6, 4, 5, 1, 3)","[2, 2, 2, 1, 2, 1]","('R', 'R', 'Y', 'G', 'G', 'Y')","('R', 'R', 'Y', 'G', 'G', 'Y')",2,3,1,1,2,3,1,1,1,1,1,1,1,1,1,1,1,1,1,0.666666666666667,1
"38",38,"EI_RPP_19NR","adults",19,"M","explanation","new","['Y', 'R', 'G']","B","(4, 2, 6, 1, 3, 5)","[2, 2, 1, 1, 1, 2]","('Y', 'R', 'R', 'G', 'Y', 'G')","('Y', 'R', 'R', 'G', 'Y', 'G')",2,3,1,1,2,3,1,1,1,1,1,1,1,1,1,1,1,1,1,0.666666666666667,1
"39",39,"EI_RPP_21AQ","adults",18,"F","explanation","new","['Y', 'R', 'G']","A","(5, 1, 3, 4, 2, 6)","[1, 2, 1, 1, 2, 2]","('G', 'G', 'Y', 'Y', 'R', 'R')","('G', 'G', 'Y', 'Y', 'R', 'R')",2,3,1,1,2,3,1,1,1,1,1,1,1,1,1,1,1,1,1,0.666666666666667,1
"40",40,"EI_RPP_24CC","adults",19,"F","explanation","new","['R', 'G', 'Y']","B","(2, 6, 4, 1, 5, 3)","[1, 1, 2, 1, 2, 2]","('R', 'R', 'Y', 'G', 'G', 'Y')","('Y', 'R', 'Y', 'G', 'G', 'Y')",2,1,1,1,2,3,1,0,1,1,1,1,0,1,1,1,1,1,0.833333333,0.75,0.833333333333333
"41",41,"EI_RPP_26DS","adults",21,"M","explanation","new","['Y', 'G', 'R']","A","(5, 3, 1, 2, 4, 6)","[1, 1, 1, 1, 1, 1]","('G', 'Y', 'G', 'R', 'Y', 'R')","('G', 'Y', 'G', 'R', 'Y', 'R')",2,3,1,1,2,3,1,1,1,1,1,1,1,1,1,1,1,1,1,0.666666666666667,1
"42",42,"EI_RPP_28HO","adults",21,"M","explanation","new","['R', 'Y', 'G']","B","(4, 2, 6, 3, 1, 5)","[2, 1, 1, 2, 1, 2]","('Y', 'R', 'R', 'Y', 'G', 'G')","('Y', 'R', 'R', 'Y', 'G', 'G')",2,3,1,1,2,3,1,1,1,1,1,1,1,1,1,1,1,1,1,0.666666666666667,1
"43",43,"EI_RPP_30AFG","adults",18,"F","explanation","new","['Y', 'G', 'R']","B","(4, 2, 6, 5, 3, 1)","[2, 2, 1, 2, 1, 2]","('Y', 'R', 'R', 'G', 'Y', 'G')","('Y', 'R', 'R', 'G', 'Y', 'Y')",1,3,1,1,2,3,1,1,1,1,1,1,1,1,1,1,1,1,1,0.75,0.833333333333333
"44",44,"EI_RPP_32MN","adults",21,"F","explanation","new","['R', 'Y', 'G']","B","(2, 6, 4, 1, 3, 5)","[1, 2, 2, 1, 1, 1]","('R', 'R', 'Y', 'G', 'Y', 'G')","('R', 'R', 'Y', 'G', 'Y', 'G')",2,3,1,1,2,3,1,1,1,1,1,1,1,1,1,1,1,1,1,0.666666666666667,1
"45",45,"EI_RPP_34KS","adults",22,"M","explanation","new","['R', 'G', 'Y']","B","(2, 4, 6, 3, 1, 5)","[2, 1, 2, 1, 2, 2]","('R', 'Y', 'R', 'Y', 'G', 'G')","('R', 'Y', 'R', 'Y', 'G', 'G')",2,3,1,1,2,3,1,1,1,1,1,1,1,1,1,1,1,1,1,0.666666666666667,1
"46",46,"EI_RPP_36ZH","adults",23,"F","explanation","new","['G', 'Y', 'R']","A","(5, 3, 1, 4, 6, 2)","[1, 2, 2, 2, 1, 1]","('G', 'Y', 'G', 'Y', 'R', 'R')","('G', 'Y', 'G', 'Y', 'R', 'G')",2,2,1,1,2,3,1,1,1,1,1,1,1,1,1,1,1,1,1,0.583333333333333,0.833333333333333
"47",47,"EI_RPP_38GH","adults",22,"F","explanation","new","['R', 'G', 'Y']","A","(3, 5, 1, 2, 6, 4)","[1, 2, 1, 1, 1, 1]","('Y', 'G', 'G', 'R', 'R', 'Y')","('Y', 'G', 'G', 'R', 'R', 'Y')",2,3,1,1,2,3,1,1,1,1,1,1,1,1,1,1,1,1,1,0.666666666666667,1
"48",48,"EI_RPP_40YZ","adults",20,"M","explanation","new","['Y', 'R', 'G']","B","(6, 2, 4, 3, 1, 5)","[2, 2, 2, 1, 1, 1]","('R', 'R', 'Y', 'Y', 'G', 'G')","('R', 'R', 'Y', 'Y', 'G', 'G')",2,3,1,1,2,3,1,1,1,1,1,1,1,1,1,1,1,1,1,0.666666666666667,1
"49",49,"EI_RPP_42MA","adults",22,"M","explanation","new","['R', 'G', 'Y']","B","(4, 6, 2, 1, 5, 3)","[2, 2, 2, 1, 1, 1]","('Y', 'R', 'R', 'G', 'G', 'Y')","('Y', 'R', 'R', 'G', 'G', 'Y')",2,3,1,1,2,3,1,1,1,1,1,1,1,1,1,1,1,1,1,0.666666666666667,1
"50",50,"EI_RPP_66JY","adults",18,"F","explanation","new","['Y', 'G', 'R']","A","(3, 1, 5, 4, 6, 2)","[1, 2, 2, 1, 2, 1]","('Y', 'G', 'G', 'Y', 'R', 'R')","('Y', 'Y', 'G', 'Y', 'R', 'R')",1,3,1,1,2,3,0,1,1,1,1,1,1,0,1,1,1,1,0.833333333,0.75,0.833333333333333
"51",51,"EI_RPP_69RL","adults",21,"M","explanation","new","['R', 'G', 'Y']","B","(4, 2, 6, 5, 3, 1)","[1, 2, 1, 1, 2, 1]","('Y', 'R', 'R', 'G', 'Y', 'G')","('Y', 'R', 'R', 'G', 'Y', 'G')",2,3,1,1,2,3,1,1,1,1,1,1,1,1,1,1,1,1,1,0.666666666666667,1
"52",52,"EI_RPP_72NR","adults",18,"F","explanation","new","['R', 'Y', 'G']","B","(6, 2, 4, 3, 1, 5)","[1, 1, 1, 1, 1, 1]","('R', 'R', 'Y', 'Y', 'G', 'G')","('R', 'Y', 'Y', 'Y', 'G', 'G')",2,1,1,1,2,3,1,0,1,1,1,1,1,0,1,1,1,1,0.833333333,0.75,0.833333333333333
"53",53,"EI_RPP_75KLU","adults",21,"M","explanation","new","['Y', 'G', 'R']","A","(5, 3, 1, 6, 2, 4)","[2, 1, 2, 2, 2, 2]","('G', 'Y', 'G', 'R', 'R', 'Y')","('G', 'Y', 'G', 'R', 'R', 'Y')",2,3,1,1,2,3,1,1,1,1,1,1,1,1,1,1,1,1,1,0.666666666666667,1
"54",54,"EI_RPP_79XH","adults",22,"F","explanation","new","['Y', 'G', 'R']","A","(3, 5, 1, 4, 2, 6)","[1, 2, 1, 1, 1, 2]","('Y', 'G', 'G', 'Y', 'R', 'R')","('Y', 'G', 'G', 'Y', 'R', 'R')",2,3,1,1,2,3,1,1,1,1,1,1,1,1,1,1,1,1,1,0.666666666666667,1
"55",55,"EI_RPP_82GM","adults",18,"M","explanation","new","['R', 'Y', 'G']","A","(1, 5, 3, 6, 2, 4)","[2, 2, 1, 2, 1, 1]","('G', 'G', 'Y', 'R', 'R', 'Y')","('G', 'G', 'Y', 'R', 'R', 'Y')",2,3,1,1,2,3,1,1,1,1,1,1,1,1,1,1,1,1,1,0.666666666666667,1
"56",56,"EI_RPP_85ED","adults",20,"M","explanation","new","['R', 'G', 'Y']","A","(1, 3, 5, 2, 4, 6)","[2, 2, 2, 2, 1, 1]","('G', 'Y', 'G', 'R', 'Y', 'R')","('Y', 'Y', 'G', 'R', 'Y', 'R')",1,3,1,1,2,3,1,1,1,1,1,1,1,1,1,1,1,1,1,0.75,0.833333333333333
"57",57,"EI_RPP_88AD","adults",22,"M","explanation","new","['Y', 'R', 'G']","A","(5, 3, 1, 2, 4, 6)","[2, 1, 2, 2, 2, 1]","('G', 'Y', 'G', 'R', 'Y', 'R')","('G', 'Y', 'G', 'R', 'Y', 'R')",2,3,1,1,2,3,1,1,1,1,1,1,1,1,1,1,1,1,1,0.666666666666667,1
"58",58,"EI_RPP_90LL","adults",20,"F","explanation","new","['Y', 'R', 'G']","B","(2, 4, 6, 3, 1, 5)","[1, 1, 2, 2, 1, 1]","('R', 'Y', 'R', 'Y', 'G', 'G')","('R', 'Y', 'R', 'Y', 'G', 'G')",2,3,1,1,2,3,1,1,1,1,1,1,1,1,1,1,1,1,1,0.666666666666667,1
"59",59,"EI_RPP_91AOO","adults",21,"F","explanation","new","['R', 'G', 'Y']","A","(5, 3, 1, 4, 6, 2)","[2, 2, 1, 1, 1, 2]","('G', 'Y', 'G', 'Y', 'R', 'R')","('G', 'Y', 'Y', 'Y', 'R', 'G')",1,2,1,1,2,3,0,1,1,0,1,1,1,1,0,0,1,1,0.666666667,0.666666666666667,0.666666666666667
"60",60,"EI_RPP_02MC","adults",NA,"F","report","new","['R', 'Y', 'G']","A","(3, 5, 1, 2, 4, 6)","[1, 1, 2, 1, 1, 2]","('Y', 'G', 'G', 'R', 'Y', 'R')","('Y', 'G', 'G', 'R', 'Y', 'R')",2,3,1,1,2,3,1,1,1,1,1,1,1,1,1,1,1,1,1,0.666666666666667,1
"61",61,"EI_RPP_06KB","adults",NA,"F","report","new","['Y', 'G', 'R']","B","(2, 6, 4, 1, 5, 3)","[2, 2, 1, 1, 2, 1]","('R', 'R', 'Y', 'G', 'G', 'Y')","('Y', 'R', 'Y', 'Y', 'G', 'Y')",1,1,1,1,2,3,1,1,0,0,1,0,1,0,0,1,1,0,0.5,0.833333333333333,0.666666666666667
"62",62,"EI_RPP_08SB","adults",19,"F","report","new","['Y', 'G', 'R']","B","(4, 6, 2, 5, 3, 1)","[1, 2, 1, 1, 1, 1]","('Y', 'R', 'R', 'G', 'Y', 'G')","('Y', 'R', 'R', 'G', 'Y', 'G')",2,3,1,1,2,3,1,1,1,1,1,1,1,1,1,1,1,1,1,0.666666666666667,1
"63",63,"EI_RPP_10CB","adults",24,"M","report","new","['Y', 'G', 'R']","B","(6, 2, 4, 5, 1, 3)","[1, 2, 2, 2, 1, 1]","('R', 'R', 'Y', 'G', 'G', 'Y')","('G', 'Y', 'Y', 'G', 'G', 'Y')",2,1,1,1,2,2,1,0,1,1,1,0,0,0,1,1,1,1,0.666666667,0.833333333333333,0.666666666666667
"64",64,"EI_RPP_12AF","adults",19,"F","report","new","['Y', 'G', 'R']","A","(3, 1, 5, 6, 4, 2)","[1, 1, 2, 2, 2, 2]","('Y', 'G', 'G', 'R', 'Y', 'R')","('Y', 'G', 'G', 'R', 'Y', 'R')",2,3,1,1,2,3,1,1,1,1,1,1,1,1,1,1,1,1,1,0.666666666666667,1
"65",65,"EI_RPP_14JMO","adults",20,"M","report","new","['Y', 'G', 'R']","B","(6, 4, 2, 1, 3, 5)","[2, 1, 2, 2, 1, 1]","('R', 'Y', 'R', 'G', 'Y', 'G')","('R', 'Y', 'Y', 'G', 'Y', 'G')",2,1,1,1,2,3,1,0,1,1,1,1,1,1,0,1,1,1,0.833333333,0.75,0.833333333333333
"66",66,"EI_RPP_16AL","adults",20,"F","report","new","['R', 'G', 'Y']","A","(1, 3, 5, 2, 4, 6)","[2, 1, 2, 1, 1, 2]","('G', 'Y', 'G', 'R', 'Y', 'R')","('G', 'Y', 'G', 'R', 'Y', 'R')",2,3,1,1,2,3,1,1,1,1,1,1,1,1,1,1,1,1,1,0.666666666666667,1
"67",67,"EI_RPP_18CL","adults",31,"M","report","new","['Y', 'R', 'G']","B","(2, 6, 4, 3, 5, 1)","[1, 2, 1, 1, 2, 2]","('R', 'R', 'Y', 'Y', 'G', 'G')","('R', 'R', 'Y', 'Y', 'G', 'G')",2,3,1,1,2,3,1,1,1,1,1,1,1,1,1,1,1,1,1,0.666666666666667,1
"68",68,"EI_RPP_20KZ","adults",21,"F","report","new","['Y', 'G', 'R']","A","(1, 3, 5, 6, 2, 4)","[2, 2, 2, 1, 2, 2]","('G', 'Y', 'G', 'R', 'R', 'Y')","('G', 'Y', 'G', 'R', 'R', 'Y')",2,3,1,1,2,3,1,1,1,1,1,1,1,1,1,1,1,1,1,0.666666666666667,1
"69",69,"EI_RPP_22HL","adults",20,"F","report","new","['R', 'Y', 'G']","A","(3, 5, 1, 2, 6, 4)","[2, 2, 2, 2, 1, 1]","('Y', 'G', 'G', 'R', 'R', 'Y')","('Y', 'G', 'G', 'R', 'R', 'Y')",2,3,1,1,2,3,1,1,1,1,1,1,1,1,1,1,1,1,1,0.666666666666667,1
"70",70,"EI_RPP_23CB","adults",20,"F","report","new","['Y', 'R', 'G']","A","(3, 5, 1, 6, 4, 2)","[2, 1, 1, 2, 2, 2]","('Y', 'G', 'G', 'R', 'Y', 'R')","('Y', 'G', 'G', 'R', 'Y', 'R')",2,3,1,1,2,3,1,1,1,1,1,1,1,1,1,1,1,1,1,0.666666666666667,1
"71",71,"EI_RPP_25CL","adults",20,"F","report","new","['R', 'G', 'Y']","B","(2, 6, 4, 5, 3, 1)","[2, 2, 2, 1, 2, 2]","('R', 'R', 'Y', 'G', 'Y', 'G')","('R', 'R', 'Y', 'G', 'Y', 'G')",2,3,1,1,2,3,1,1,1,1,1,1,1,1,1,1,1,1,1,0.666666666666667,1
"72",72,"EI_RPP_27LS","adults",24,"F","report","new","['R', 'G', 'Y']","B","(4, 6, 2, 1, 5, 3)","[1, 2, 2, 2, 2, 1]","('Y', 'R', 'R', 'G', 'G', 'Y')","('Y', 'R', 'Y', 'Y', 'G', 'Y')",1,1,1,1,2,3,1,0,1,1,1,1,1,1,0,1,1,1,0.833333333,0.833333333333333,0.666666666666667
"73",73,"EI_RPP_29DP","adults",18,"F","report","new","['Y', 'G', 'R']","B","(6, 2, 4, 1, 3, 5)","[1, 2, 1, 1, 1, 1]","('R', 'R', 'Y', 'G', 'Y', 'G')","('R', 'Y', 'Y', 'G', 'Y', 'G')",2,1,1,1,2,3,1,0,1,1,1,1,1,0,1,1,1,1,0.833333333,0.75,0.833333333333333
"74",74,"EI_RPP_31EB","adults",20,"F","report","new","['Y', 'G', 'R']","A","(5, 1, 3, 6, 2, 4)","[1, 1, 2, 1, 2, 2]","('G', 'G', 'Y', 'R', 'R', 'Y')","('G', 'G', 'Y', 'R', 'R', 'Y')",2,3,1,1,2,3,1,1,1,1,1,1,1,1,1,1,1,1,1,0.666666666666667,1
"75",75,"EI_RPP_33XW","adults",18,"F","report","new","['G', 'Y', 'R']","B","(2, 6, 4, 3, 1, 5)","[1, 1, 2, 2, 1, 1]","('R', 'R', 'Y', 'Y', 'G', 'G')","('R', 'R', 'Y', 'Y', 'G', 'G')",2,3,1,1,2,3,1,1,1,1,1,1,1,1,1,1,1,1,1,0.666666666666667,1
"76",76,"EI_RPP_35AG","adults",21,"F","report","new","['Y', 'R', 'G']","B","(6, 4, 2, 1, 3, 5)","[1, 1, 2, 1, 1, 2]","('R', 'Y', 'R', 'G', 'Y', 'G')","('R', 'Y', 'R', 'G', 'Y', 'G')",2,3,1,1,2,3,1,1,1,1,1,1,1,1,1,1,1,1,1,0.666666666666667,1
"77",77,"EI_RPP_37TP","adults",19,"F","report","new","['Y', 'G', 'R']","B","(4, 6, 2, 1, 5, 3)","[2, 2, 2, 2, 1, 1]","('Y', 'R', 'R', 'G', 'G', 'Y')","('Y', 'R', 'R', 'G', 'G', 'Y')",2,3,1,1,2,3,1,1,1,1,1,1,1,1,1,1,1,1,1,0.666666666666667,1
"78",78,"EI_RPP_39JW","adults",19,"F","report","new","['Y', 'G', 'R']","A","(3, 1, 5, 6, 2, 4)","[2, 2, 2, 2, 1, 1]","('Y', 'G', 'G', 'R', 'R', 'Y')","('Y', 'G', 'G', 'R', 'R', 'Y')",2,3,1,1,2,3,1,1,1,1,1,1,1,1,1,1,1,1,1,0.666666666666667,1
"79",79,"EI_RPP_41MG","adults",21,"F","report","new","['G', 'Y', 'R']","B","(2, 6, 4, 1, 3, 5)","[2, 2, 1, 1, 1, 2]","('R', 'R', 'Y', 'G', 'Y', 'G')","('R', 'R', 'Y', 'G', 'Y', 'G')",2,3,1,1,2,3,1,1,1,1,1,1,1,1,1,1,1,1,1,0.666666666666667,1
"80",80,"EI_RPP_43QY","adults",19,"F","report","new","['R', 'Y', 'G']","B","(6, 4, 2, 3, 5, 1)","[2, 1, 2, 1, 1, 1]","('R', 'Y', 'R', 'Y', 'G', 'G')","('R', 'Y', 'R', 'Y', 'G', 'G')",2,3,1,1,2,3,1,1,1,1,1,1,1,1,1,1,1,1,1,0.666666666666667,1
"81",81,"EI_RPP_67JIJ","adults",21,"F","report","new","['Y', 'R', 'G']","A","(3, 1, 5, 4, 6, 2)","[1, 2, 1, 1, 1, 1]","('Y', 'G', 'G', 'Y', 'R', 'R')","('Y', 'G', 'G', 'Y', 'R', 'R')",2,3,1,1,2,3,1,1,1,1,1,1,1,1,1,1,1,1,1,0.666666666666667,1
"82",82,"EI_RPP_70BK","adults",21,"F","report","new","['Y', 'G', 'R']","A","(1, 3, 5, 2, 6, 4)","[2, 1, 1, 2, 1, 2]","('G', 'Y', 'G', 'R', 'R', 'Y')","('G', 'Y', 'G', 'R', 'R', 'Y')",2,3,1,1,2,3,1,1,1,1,1,1,1,1,1,1,1,1,1,0.666666666666667,1
"83",83,"EI_RPP_73MA","adults",20,"M","report","new","['Y', 'R', 'G']","A","(5, 3, 1, 4, 6, 2)","[2, 1, 1, 2, 1, 1]","('G', 'Y', 'G', 'Y', 'R', 'R')","('G', 'Y', 'G', 'Y', 'R', 'R')",2,3,1,1,2,3,1,1,1,1,1,1,1,1,1,1,1,1,1,0.666666666666667,1
"84",84,"EI_RPP_76DA","adults",20,"M","report","new","['R', 'Y', 'G']","B","(2, 6, 4, 1, 5, 3)","[1, 1, 1, 2, 2, 2]","('R', 'R', 'Y', 'G', 'G', 'Y')","('Y', 'R', 'Y', 'G', 'G', 'Y')",2,1,1,1,2,3,1,0,1,1,1,1,0,1,1,1,1,1,0.833333333,0.75,0.833333333333333
"85",85,"EI_RPP_80RM","adults",18,"F","report","new","['G', 'R', 'Y']","B","(6, 2, 4, 3, 1, 5)","[2, 1, 2, 1, 2, 1]","('R', 'R', 'Y', 'Y', 'G', 'G')","('R', 'Y', 'Y', 'Y', 'G', 'G')",2,1,1,1,2,3,1,1,1,1,0,1,1,1,1,1,1,0,0.833333333,0.75,0.833333333333333
"86",86,"EI_RPP_83JA","adults",19,"M","report","new","['R', 'Y', 'G']","A","(5, 1, 3, 6, 4, 2)","[1, 2, 2, 2, 2, 2]","('G', 'G', 'Y', 'R', 'Y', 'R')","('G', 'G', 'Y', 'R', 'Y', 'R')",2,3,1,1,2,3,1,1,1,1,1,1,1,1,1,1,1,1,1,0.666666666666667,1
"87",87,"EI_RPP_86RK","adults",22,"M","report","new","['G', 'R', 'Y']","B","(4, 2, 6, 5, 1, 3)","[1, 1, 1, 1, 2, 2]","('Y', 'R', 'R', 'G', 'G', 'Y')","('Y', 'R', 'R', 'G', 'G', 'Y')",2,3,1,1,2,3,1,1,1,1,1,1,1,1,1,1,1,1,1,0.666666666666667,1
"88",88,"EI_RPP_89PB","adults",18,"M","report","new","['Y', 'G', 'R']","A","(5, 3, 1, 6, 2, 4)","[1, 2, 1, 1, 2, 1]","('G', 'Y', 'G', 'R', 'R', 'Y')","('G', 'Y', 'G', 'R', 'R', 'Y')",2,3,1,1,2,3,1,1,1,1,1,1,1,1,1,1,1,1,1,0.666666666666667,1
"89",89,"EI37","children",74.9,"F","baseline","random_prac","['R', 'G', 'Y']",NA,"(5, 2, 4, 6, 3, 1)","[2, 1, 2, 1, 1, 2]","('G', 'R', 'Y', 'R', 'Y', 'G')","('G', 'R', 'Y', 'R', 'Y', 'G')",2,3,1,1,2,3,0,1,0,1,1,0,1,1,0,0,0,1,0.5,0.666666666666667,1
"90",90,"EI38","children",68.3,"M","baseline","random_prac","['R', 'Y', 'G']",NA,"(4, 5, 1, 6, 3, 2)","[1, 2, 2, 1, 1, 1]","('Y', 'G', 'G', 'R', 'Y', 'R')","('Y', 'G', 'Y', 'G', 'G', 'Y')",1,1,2,1,2,2,0,1,0,1,1,1,1,0,1,0,1,0,0.5,0.916666666666667,0.333333333333333
"91",91,"EI39","children",61.8,"F","baseline","random_prac","['G', 'R', 'Y']",NA,"(6, 3, 2, 1, 5, 4)","[2, 2, 1, 1, 2, 1]","('R', 'Y', 'R', 'G', 'G', 'Y')","('G', 'Y', 'G', 'R', 'Y', 'G')",3,2,1,2,1,2,1,1,0,1,0,0,0,1,1,0,1,1,0.666666667,0.333333333333333,0.166666666666667
"92",92,"EI40","children",68.3,"F","baseline","random_prac","['G', 'R', 'Y']",NA,"(6, 4, 5, 1, 3, 2)","[2, 1, 2, 1, 1, 2]","('R', 'Y', 'G', 'G', 'Y', 'R')","('G', 'R', 'G', 'Y', 'G', 'G')",1,2,2,3,2,2,1,0,1,1,1,1,1,1,1,1,0,1,0.833333333,0.75,0.166666666666667
"93",93,"EI41","children",68.3,"F","baseline","random_prac","['R', 'Y', 'G']",NA,"(4, 3, 6, 2, 1, 5)","[2, 2, 2, 2, 1, 1]","('Y', 'Y', 'R', 'R', 'G', 'G')","('R', 'G', 'Y', 'G', 'Y', 'R')",1,2,2,3,3,1,0,1,0,0,0,0,0,0,1,0,0,0,0.166666667,0.666666666666667,0
"94",94,"EI42","children",68.5,"F","baseline","random_prac","['Y', 'G', 'R']",NA,"(2, 3, 4, 6, 1, 5)","[2, 2, 1, 2, 1, 2]","('R', 'Y', 'Y', 'R', 'G', 'G')","('Y', 'G', 'R', 'Y', 'R', 'G')",3,1,2,3,2,1,1,1,1,0,0,1,1,0,1,1,0,1,0.666666667,0.583333333333333,0.166666666666667
"95",95,"EI43","children",68.5,"F","baseline","random_prac","['R', 'Y', 'G']",NA,"(4, 5, 1, 6, 2, 3)","[2, 1, 1, 1, 1, 1]","('Y', 'G', 'G', 'R', 'R', 'Y')","('Y', 'R', 'Y', 'G', 'Y', 'R')",1,1,3,1,3,2,1,1,0,1,1,1,1,1,1,1,0,1,0.833333333,0.833333333333333,0.166666666666667
"96",96,"EI44","children",90,"M","baseline","random_prac","['R', 'G', 'Y']",NA,"(6, 3, 5, 2, 1, 4)","[2, 1, 1, 2, 2, 2]","('R', 'Y', 'G', 'R', 'G', 'Y')","('R', 'Y', 'G', 'R', 'G', 'Y')",2,3,1,1,2,3,1,1,1,1,1,1,1,1,1,1,1,1,1,0.666666666666667,1
"97",97,"EI45","children",93.5,"F","baseline","random_prac","['G', 'R', 'Y']",NA,"(1, 2, 3, 4, 6, 5)","[1, 1, 2, 2, 2, 1]","('G', 'R', 'Y', 'Y', 'R', 'G')","('Y', 'Y', 'G', 'R', 'G', 'R')",1,1,2,3,3,2,0,0,0,1,1,1,0,0,1,1,1,0,0.5,1,0
"98",98,"EI46","children",67,"M","baseline","random_prac","['G', 'Y', 'R']",NA,"(6, 2, 5, 3, 4, 1)","[2, 1, 1, 2, 1, 1]","('R', 'R', 'G', 'Y', 'Y', 'G')","('R', 'R', 'R', 'Y', 'Y', 'Y')",1,3,1,1,3,3,1,0,0,0,0,0,0,0,0,0,1,1,0.333333333,0.833333333333333,0.666666666666667
"99",99,"EI47","children",86,"F","baseline","random_prac","['R', 'Y', 'G']",NA,"(3, 1, 4, 5, 2, 6)","[2, 1, 1, 1, 1, 1]","('Y', 'G', 'Y', 'G', 'R', 'R')","('G', 'G', 'Y', 'R', 'Y', 'G')",2,1,2,1,3,2,0,0,0,0,1,1,0,0,1,0,1,1,0.5,0.916666666666667,0.333333333333333
"100",100,"EI48","children",94,"F","baseline","random_prac","['Y', 'R', 'G']",NA,"(5, 1, 4, 3, 6, 2)","[1, 1, 1, 2, 2, 2]","('G', 'G', 'Y', 'Y', 'R', 'R')","('R', 'Y', 'Y', 'G', 'R', 'R')",1,3,2,1,3,3,0,0,1,1,0,0,0,1,1,0,0,0,0.333333333,0.833333333333333,0.5
"101",101,"EI49","children",74,"M","baseline","random_prac","['G', 'Y', 'R']",NA,"(5, 2, 4, 3, 6, 1)","[1, 2, 2, 1, 2, 1]","('G', 'R', 'Y', 'Y', 'R', 'G')","('Y', 'G', 'R', 'Y', 'Y', 'G')",2,2,1,3,1,1,0,0,0,0,0,1,0,0,0,1,0,0,0.166666667,0.416666666666667,0.333333333333333
"102",102,"EI50","children",73.9,"M","baseline","random_prac","['Y', 'R', 'G']",NA,"(4, 6, 1, 5, 3, 2)","[2, 1, 1, 2, 2, 2]","('Y', 'R', 'G', 'G', 'Y', 'R')","('Y', 'G', 'Y', 'R', 'G', 'Y')",1,1,2,1,3,2,1,0,1,0,1,0,0,1,1,1,0,0,0.5,1,0.166666666666667
"103",103,"EI51","children",73.8,"F","baseline","random_prac","['Y', 'R', 'G']",NA,"(3, 2, 1, 4, 6, 5)","[2, 1, 2, 1, 2, 2]","('Y', 'R', 'G', 'Y', 'R', 'G')","('Y', 'R', 'R', 'Y', 'R', 'G')",3,3,1,1,2,3,1,1,1,1,0,1,1,1,1,1,0,0,0.666666667,0.583333333333333,0.833333333333333
"104",104,"EI53","children",74,"M","baseline","random_prac","['Y', 'G', 'R']",NA,"(5, 6, 3, 1, 2, 4)","[2, 1, 1, 2, 1, 2]","('G', 'R', 'Y', 'G', 'R', 'Y')","('G', 'G', 'Y', 'Y', 'Y', 'R')",1,1,1,3,2,2,1,1,0,1,1,1,1,0,1,1,1,1,0.833333333,0.916666666666667,0.333333333333333
"105",105,"EI54","children",70.4,"F","baseline","random_prac","['R', 'G', 'Y']",NA,"(3, 5, 1, 2, 4, 6)","[2, 2, 2, 2, 2, 2]","('Y', 'G', 'G', 'R', 'Y', 'R')","('G', 'R', 'G', 'Y', 'R', 'G')",2,1,2,3,3,2,1,0,0,0,0,0,0,1,0,0,0,1,0.333333333,0.916666666666667,0.166666666666667
"106",106,"EI55","children",91,"M","baseline","random_prac","['R', 'G', 'Y']",NA,"(4, 1, 2, 6, 3, 5)","[1, 2, 2, 1, 2, 1]","('Y', 'G', 'R', 'R', 'Y', 'G')","('Y', 'G', 'R', 'R', 'Y', 'G')",2,3,1,1,2,3,1,1,0,1,0,1,1,1,1,0,0,1,0.666666667,0.666666666666667,1
"107",107,"EI56","children",90.6,"M","baseline","random_prac","['R', 'Y', 'G']",NA,"(3, 4, 5, 6, 2, 1)","[2, 2, 1, 1, 1, 1]","('Y', 'Y', 'G', 'R', 'R', 'G')","('Y', 'Y', 'R', 'G', 'Y', 'G')",2,1,1,1,3,2,1,0,1,1,1,0,1,1,0,0,1,1,0.666666667,0.916666666666667,0.5
"108",108,"EI57","children",90.6,"F","baseline","random_prac","['G', 'Y', 'R']",NA,"(4, 6, 2, 1, 5, 3)","[2, 1, 2, 2, 1, 1]","('Y', 'R', 'R', 'G', 'G', 'Y')","('R', 'G', 'Y', 'Y', 'R', 'G')",1,1,2,3,3,2,1,0,1,1,1,1,1,0,1,1,1,0,0.666666667,1,0
"109",109,"EI58","children",83.4,"F","baseline","random_prac","['Y', 'G', 'R']",NA,"(6, 2, 5, 1, 4, 3)","[2, 1, 2, 2, 1, 2]","('R', 'R', 'G', 'G', 'Y', 'Y')","('G', 'R', 'G', 'G', 'R', 'G')",2,3,2,3,2,2,1,1,0,0,1,1,1,1,1,0,0,0,0.5,0.75,0.5
"110",110,"EI59","children",74.5,"M","baseline","random_prac","['R', 'G', 'Y']",NA,"(5, 4, 1, 2, 6, 3)","[2, 2, 1, 1, 1, 2]","('G', 'Y', 'G', 'R', 'R', 'Y')","('Y', 'Y', 'Y', 'G', 'G', 'G')",1,2,2,1,1,2,0,0,0,0,0,0,0,0,0,0,0,0,0,0.666666666666667,0.166666666666667
"111",111,"EI60","children",72.5,"M","baseline","random_prac","['G', 'Y', 'R']",NA,"(4, 5, 1, 6, 2, 3)","[2, 2, 1, 2, 2, 2]","('Y', 'G', 'G', 'R', 'R', 'Y')","('R', 'G', 'Y', 'R', 'Y', 'Y')",1,1,1,3,2,3,1,1,0,1,1,0,1,1,0,1,0,0,0.5,0.833333333333333,0.5
"112",112,"EI61","children",87.5,"M","baseline","random_prac","['G', 'Y', 'R']",NA,"(2, 6, 1, 3, 4, 5)","[1, 1, 1, 1, 2, 1]","('R', 'R', 'G', 'Y', 'Y', 'G')","('Y', 'G', 'Y', 'Y', 'R', 'R')",1,1,1,3,3,2,1,1,1,0,1,1,1,1,1,0,1,0,0.666666667,1,0.166666666666667
"113",113,"EI62","children",88.6,"F","baseline","random_prac","['G', 'Y', 'R']",NA,"(3, 1, 6, 4, 5, 2)","[1, 1, 1, 1, 2, 2]","('Y', 'G', 'R', 'Y', 'G', 'R')","('Y', 'Y', 'G', 'Y', 'R', 'G')",1,2,1,1,3,2,1,1,1,0,0,1,1,1,0,0,1,0,0.5,0.833333333333333,0.333333333333333
"114",114,"EI63","children",90.1,"F","baseline","random_prac","['G', 'R', 'Y']",NA,"(3, 4, 6, 5, 2, 1)","[2, 2, 2, 1, 1, 1]","('Y', 'Y', 'R', 'G', 'R', 'G')","('Y', 'Y', 'G', 'R', 'Y', 'Y')",1,1,1,1,3,2,0,0,1,1,1,0,1,0,1,0,0,1,0.5,1,0.333333333333333
"115",115,"EI65","children",79.4,"M","baseline","random_prac","['G', 'Y', 'R']",NA,"(4, 3, 1, 6, 5, 2)","[2, 2, 2, 2, 2, 1]","('Y', 'Y', 'G', 'R', 'G', 'R')","('G', 'R', 'Y', 'R', 'Y', 'Y')",1,1,3,2,1,3,0,1,1,1,0,0,1,0,0,0,1,0,0.333333333,0.416666666666667,0.166666666666667
"116",116,"EI66","children",74.4,"F","baseline","random_prac","['G', 'R', 'Y']",NA,"(3, 5, 4, 1, 2, 6)","[2, 2, 1, 1, 2, 1]","('Y', 'G', 'Y', 'G', 'R', 'R')","('R', 'Y', 'G', 'G', 'Y', 'R')",2,1,3,2,1,3,1,1,1,1,1,0,1,1,1,1,0,1,0.833333333,0.333333333333333,0.333333333333333
"117",117,"EI67","children",90.4,"M","baseline","random_prac","['R', 'Y', 'G']",NA,"(2, 5, 4, 1, 6, 3)","[2, 1, 2, 2, 1, 2]","('R', 'G', 'Y', 'G', 'R', 'Y')","('R', 'G', 'Y', 'G', 'R', 'Y')",2,3,1,1,2,3,0,1,0,1,1,0,1,1,0,0,0,0,0.333333333,0.666666666666667,1
"118",118,"EI68","children",91,"M","baseline","random_prac","['R', 'G', 'Y']",NA,"(1, 5, 4, 2, 6, 3)","[1, 2, 2, 2, 1, 1]","('G', 'G', 'Y', 'R', 'R', 'Y')","('G', 'G', 'G', 'G', 'R', 'Y')",2,2,1,2,2,3,1,0,1,1,1,0,1,1,0,0,1,1,0.666666667,0.416666666666667,0.666666666666667
"119",119,"EI69","children",90.7,"M","baseline","random_prac","['R', 'G', 'Y']",NA,"(6, 1, 5, 3, 4, 2)","[2, 1, 1, 2, 2, 2]","('R', 'G', 'G', 'Y', 'Y', 'R')","('R', 'Y', 'G', 'Y', 'Y', 'G')",1,2,1,1,2,3,1,1,1,1,0,1,1,0,1,1,1,0,0.666666667,0.666666666666667,0.666666666666667
"120",120,"EI70","children",72.6,"F","baseline","random_prac","['G', 'R', 'Y']",NA,"(3, 5, 4, 1, 2, 6)","[2, 2, 1, 1, 1, 1]","('Y', 'G', 'Y', 'G', 'R', 'R')","('G', 'Y', 'R', 'G', 'Y', 'R')",2,1,2,3,1,3,1,1,0,NA,0,0,0,NA,1,1,0,0,0.4,0.666666666666667,0.333333333333333
"121",121,"EI71","children",85.2,"M","baseline","random_prac","['R', 'Y', 'G']",NA,"(5, 1, 3, 6, 2, 4)","[1, 2, 2, 1, 1, 1]","('G', 'G', 'Y', 'R', 'R', 'Y')","('R', 'G', 'R', 'Y', 'G', 'Y')",2,2,3,1,3,1,0,0,0,1,0,0,0,0,0,0,1,1,0.333333333,0.416666666666667,0.333333333333333
"122",122,"EI72","children",82.8,"M","baseline","random_prac","['G', 'R', 'Y']",NA,"(2, 4, 3, 6, 1, 5)","[1, 1, 2, 1, 2, 1]","('R', 'Y', 'Y', 'R', 'G', 'G')","('G', 'R', 'Y', 'G', 'Y', 'R')",1,2,1,3,3,2,1,0,0,0,1,0,0,0,0,1,1,0,0.333333333,0.833333333333333,0.166666666666667
"123",123,"EI73","children",75.7,"F","baseline","random_prac","['R', 'G', 'Y']",NA,"(6, 3, 2, 4, 1, 5)","[1, 2, 2, 1, 1, 1]","('R', 'Y', 'R', 'Y', 'G', 'G')","('G', 'G', 'Y', 'Y', 'Y', 'G')",1,1,2,1,2,2,1,1,0,0,0,0,0,1,0,1,0,1,0.5,0.916666666666667,0.333333333333333
"124",124,"EI74","children",94.8,"M","baseline","random_prac","['R', 'G', 'Y']",NA,"(3, 4, 2, 5, 1, 6)","[1, 2, 1, 2, 2, 2]","('Y', 'Y', 'R', 'G', 'G', 'R')","('Y', 'Y', 'Y', 'R', 'Y', 'G')",1,1,1,1,3,2,0,1,1,1,1,0,1,1,1,0,0,0,0.5,1,0.333333333333333
"125",125,"EI75","children",81,"M","baseline","random_prac","['R', 'G', 'Y']",NA,"(2, 4, 1, 5, 6, 3)","[2, 2, 1, 1, 2, 2]","('R', 'Y', 'G', 'G', 'R', 'Y')","('Y', 'Y', 'Y', 'R', 'G', 'Y')",1,1,1,1,3,2,1,0,0,0,0,0,0,1,0,0,0,1,0.333333333,1,0.333333333333333
"126",126,"EI76","children",65.1,"M","baseline","random_prac","['Y', 'G', 'R']",NA,"(3, 2, 1, 4, 6, 5)","[1, 2, 2, 2, 2, 2]","('Y', 'R', 'G', 'Y', 'R', 'G')","('R', 'G', 'Y', 'G', 'R', 'Y')",1,2,3,2,1,3,1,0,0,1,1,1,0,1,1,1,1,1,0.833333333,0.25,0.166666666666667
"127",127,"EI77","children",84.5,"M","baseline","random_prac","['Y', 'R', 'G']",NA,"(4, 2, 6, 5, 3, 1)","[1, 2, 2, 1, 2, 1]","('Y', 'R', 'R', 'G', 'Y', 'G')","('Y', 'Y', 'Y', 'G', 'G', 'G')",2,1,2,1,2,1,1,1,1,1,1,0,1,0,1,1,1,1,0.833333333,0.666666666666667,0.5
"128",128,"EI2.2_9LL","children",62.1,"F","explanation","new","['Y', 'G', 'R']","B","(4, 2, 6, 5, 3, 1)","[2, 1, 1, 1, 2, 1]","('Y', 'R', 'R', 'G', 'Y', 'G')","('Y', 'R', 'G', 'Y', 'R', 'G')",2,3,3,1,1,2,1,1,0,1,0,1,1,1,1,0,0,1,0.666666667,0.5,0.5
"129",129,"EI2.2_11OC","children",75.17,"M","explanation","new","['Y', 'R', 'G']","B","(6, 4, 2, 5, 1, 3)","[1, 2, 1, 2, 2, 1]","('R', 'Y', 'R', 'G', 'G', 'Y')","('R', 'Y', 'Y', 'G', 'Y', 'Y')",1,1,1,1,2,3,0,0,1,1,1,1,1,1,0,1,0,1,0.666666667,0.833333333333333,0.666666666666667
"130",130,"EI2.2_12RSR","children",73.9,"M","explanation","new","['Y', 'G', 'R']","B","(4, 2, 6, 1, 3, 5)","[1, 2, 1, 2, 1, 1]","('Y', 'R', 'R', 'G', 'Y', 'G')","('Y', 'Y', 'Y', 'G', 'Y', 'G')",2,1,1,1,2,1,1,0,1,1,1,1,1,0,1,1,1,1,0.833333333,0.666666666666667,0.666666666666667
"131",131,"EI2.2_13VB","children",76.1,"F","explanation","new","['R', 'G', 'Y']","B","(4, 6, 2, 1, 3, 5)","[1, 1, 1, 1, 2, 2]","('Y', 'R', 'R', 'G', 'Y', 'G')","('R', 'G', 'Y', 'Y', 'G', 'R')",1,1,2,3,3,2,0,1,0,0,0,0,0,0,1,0,0,0,0.166666667,1,0
"132",132,"EI2.2_14SS","children",63.2,"F","explanation","new","['Y', 'G', 'R']","B","(2, 4, 6, 3, 5, 1)","[2, 2, 2, 2, 2, 2]","('R', 'Y', 'R', 'Y', 'G', 'G')","('R', 'G', 'G', 'Y', 'R', 'G')",2,3,1,2,3,2,1,1,0,0,0,1,1,0,1,0,0,1,0.5,0.666666666666667,0.5
"133",133,"EI2.2_15EGK","children",66.6,"M","explanation","new","['G', 'Y', 'R']","A","(1, 5, 3, 2, 4, 6)","[2, 2, 2, 1, 2, 2]","('G', 'G', 'Y', 'R', 'Y', 'R')","('R', 'Y', 'G', 'R', 'G', 'Y')",3,3,2,2,1,1,0,0,0,0,0,1,0,0,0,0,0,1,0.166666667,0.25,0.166666666666667
"134",134,"EI2.2_16AC","children",61.3,"M","explanation","new","['Y', 'G', 'R']","B","(4, 6, 2, 5, 3, 1)","[2, 2, 2, 2, 1, 1]","('Y', 'R', 'R', 'G', 'Y', 'G')","('G', 'R', 'Y', 'R', 'G', 'Y')",1,1,2,2,3,3,1,1,1,1,0,1,1,1,1,0,1,1,0.833333333,0.75,0.166666666666667
"135",135,"EI2.2_17AB","children",81.5,"M","explanation","new","['R', 'G', 'Y']","B","(6, 2, 4, 1, 5, 3)","[1, 2, 2, 1, 1, 2]","('R', 'R', 'Y', 'G', 'G', 'Y')","('R', 'Y', 'R', 'G', 'G', 'Y')",2,1,1,3,2,3,1,0,1,0,1,1,1,0,0,1,1,1,0.666666667,0.75,0.666666666666667
"136",136,"EI2.2_18CC","children",89.5,"M","explanation","new","['R', 'G', 'Y']","B","(4, 6, 2, 1, 3, 5)","[2, 1, 1, 2, 2, 2]","('Y', 'R', 'R', 'G', 'Y', 'G')","('R', 'Y', 'G', 'R', 'Y', 'G')",3,2,1,3,2,1,1,0,1,0,0,0,0,0,0,1,1,0,0.333333333,0.416666666666667,0.333333333333333
"137",137,"EI2.2_19AG","children",76,"F","explanation","new","['G', 'Y', 'R']","B","(6, 2, 4, 5, 1, 3)","[2, 1, 2, 2, 2, 2]","('R', 'R', 'Y', 'G', 'G', 'Y')","('G', 'Y', 'R', 'Y', 'G', 'R')",2,1,3,3,1,2,0,1,1,0,0,0,0,1,0,0,0,1,0.333333333,0.583333333333333,0.166666666666667
"138",138,"EI2.2_20IS","children",78.3,"F","explanation","new","['R', 'G', 'Y']","B","(4, 2, 6, 3, 1, 5)","[2, 2, 1, 1, 2, 1]","('Y', 'R', 'Y', 'G', 'Y', 'R')","('G', 'Y', 'R', 'Y', 'G', 'R')",2,1,1,2,3,3,1,0,1,0,1,0,0,0,0,1,1,1,0.5,0.666666666666667,0.5
"139",139,"EI2.2_21JL","children",82.4,"M","explanation","new","['G', 'R', 'Y']","B","(4, 6, 2, 5, 3, 1)","[1, 2, 1, 2, 2, 2]","('Y', 'R', 'R', 'G', 'Y', 'G')","('Y', 'R', 'R', 'G', 'Y', 'G')",2,3,1,1,2,3,1,1,1,1,1,1,1,1,1,1,1,1,1,0.666666666666667,1
"140",140,"EI2.2_22SD","children",85.9,"M","explanation","new","['R', 'Y', 'G']","B","(2, 4, 6, 1, 5, 3)","[1, 1, 2, 1, 1, 1]","('R', 'Y', 'R', 'G', 'G', 'Y')","('R', 'Y', 'R', 'G', 'G', 'Y')",2,3,1,1,2,3,1,1,1,1,1,1,1,1,1,1,1,1,1,0.666666666666667,1
"141",141,"EI2.2_23ES","children",78.5,"F","explanation","new","['R', 'Y', 'G']","A","(5, 3, 1, 4, 2, 6)","[2, 2, 2, 2, 1, 1]","('G', 'Y', 'G', 'Y', 'R', 'R')","('G', 'Y', 'G', 'Y', 'R', 'R')",2,3,1,1,2,3,1,1,1,1,1,1,1,1,1,1,1,1,1,0.666666666666667,1
"142",142,"EI2.2_24MB","children",78.1,"F","explanation","new","['Y', 'R', 'G']","A","(3, 5, 1, 6, 2, 4)","[1, 2, 1, 1, 1, 1]","('Y', 'G', 'G', 'R', 'R', 'Y')","('Y', 'R', 'Y', 'G', 'Y', 'Y')",1,1,1,1,3,2,1,0,1,1,0,1,1,0,1,1,0,1,0.666666667,1,0.333333333333333
"143",143,"EI2.2_25AN","children",76.7,"M","explanation","new","['R', 'G', 'Y']","B","(2, 4, 6, 1, 3, 5)","[1, 1, 1, 1, 2, 2]","('R', 'Y', 'R', 'G', 'Y', 'G')","('Y', 'G', 'G', 'Y', 'Y', 'G')",1,1,1,2,2,2,0,0,1,1,1,0,0,1,0,0,1,1,0.5,0.75,0.333333333333333
"144",144,"EI2.2_26LZ","children",73.2,"M","explanation","new","['R', 'Y', 'G']","B","(2, 6, 4, 3, 1, 5)","[2, 1, 1, 2, 1, 2]","('R', 'R', 'Y', 'Y', 'G', 'G')","('G', 'R', 'R', 'G', 'Y', 'G')",1,2,2,3,2,3,0,0,0,0,1,0,0,0,0,0,0,1,0.166666667,0.666666666666667,0.333333333333333
"145",145,"EI2.2_27BS","children",73.3,"M","explanation","new","['Y', 'G', 'R']","B","(4, 2, 6, 5, 1, 3)","[2, 2, 1, 2, 2, 2]","('Y', 'R', 'R', 'G', 'G', 'Y')","('G', 'Y', 'G', 'R', 'Y', 'Y')",1,1,1,2,3,2,1,0,1,1,0,0,1,0,0,0,1,1,0.5,0.833333333333333,0.166666666666667
"146",146,"EI2.2_28SK","children",88.9,"M","explanation","new","['Y', 'G', 'R']","A","(3, 1, 5, 6, 2, 4)","[1, 1, 2, 1, 2, 1]","('Y', 'G', 'G', 'R', 'R', 'Y')","('G', 'Y', 'G', 'Y', 'R', 'R')",1,3,2,3,2,1,1,1,1,1,1,0,1,1,1,0,1,1,0.833333333,0.666666666666667,0.333333333333333
"147",147,"EI2.2_29BF","children",87,"M","explanation","new","['Y', 'R', 'G']","B","(4, 2, 6, 3, 5, 1)","[2, 1, 1, 2, 1, 2]","('Y', 'R', 'R', 'Y', 'G', 'G')","('Y', 'Y', 'G', 'Y', 'R', 'Y')",1,1,1,1,3,2,0,0,1,1,1,1,1,0,1,1,1,0,0.666666667,1,0.333333333333333
"148",148,"EI2.2_30NG","children",79.3,"M","explanation","new","['G', 'Y', 'R']","A","(5, 3, 1, 2, 4, 6)","[2, 2, 2, 2, 1, 1]","('G', 'Y', 'G', 'R', 'Y', 'R')","('R', 'G', 'R', 'Y', 'G', 'Y')",3,1,2,2,3,1,1,1,0,1,1,0,1,0,1,1,1,0,0.666666667,0.5,0
"149",149,"EI2.2_31LW","children",79.5,"M","explanation","new","['R', 'Y', 'G']","A","(5, 1, 3, 6, 2, 4)","[1, 1, 1, 1, 2, 2]","('G', 'G', 'Y', 'R', 'R', 'Y')","('G', 'Y', 'G', 'R', 'Y', 'R')",1,1,2,3,2,3,1,1,1,1,1,1,1,1,1,1,1,1,1,0.833333333333333,0.333333333333333
"150",150,"EI2_1SO","children",94.9,"M","explanation","old","['R', 'G', 'Y']",NA,"(1, 6, 4, 2, 5, 3)","[2, 1, 2, 1, 1, 2]","('G', 'R', 'Y', 'R', 'G', 'Y')","('G', 'R', 'Y', 'Y', 'G', 'Y')",2,1,1,1,2,3,1,0,1,1,1,1,1,1,1,0,1,1,0.833333333,0.75,0.833333333333333
"151",151,"EI2_3AH","children",95,"F","explanation","old","['R', 'G', 'Y']",NA,"(6, 3, 4, 1, 5, 2)","[2, 1, 2, 2, 1, 1]","('R', 'Y', 'Y', 'G', 'G', 'R')","('G', 'Y', 'R', 'Y', 'R', 'Y')",1,1,1,3,3,2,1,0,1,1,0,1,1,1,1,1,0,0,0.666666667,1,0.166666666666667
"152",152,"EI2_5SD","children",101.5,"F","explanation","old","['R', 'Y', 'G']",NA,"(4, 5, 2, 1, 3, 6)","[2, 2, 2, 2, 2, 1]","('Y', 'G', 'R', 'G', 'Y', 'R')","('R', 'R', 'Y', 'Y', 'Y', 'G')",1,1,1,3,3,2,0,1,1,0,1,1,0,1,1,0,1,1,0.666666667,1,0.166666666666667
"153",153,"EI2_7EM","children",95,"M","explanation","old","['G', 'R', 'Y']",NA,"(5, 4, 2, 1, 6, 3)","[2, 2, 2, 1, 2, 2]","('G', 'Y', 'R', 'G', 'R', 'Y')","('R', 'R', 'Y', 'Y', 'G', 'G')",1,1,2,3,3,2,1,0,1,1,1,1,1,1,0,1,1,1,0.833333333,1,0
"154",154,"EI2_9NS","children",76.4,"F","explanation","old","['G', 'Y', 'R']",NA,"(1, 6, 3, 4, 2, 5)","[1, 1, 2, 1, 2, 2]","('G', 'R', 'Y', 'Y', 'R', 'G')","('R', 'Y', 'G', 'R', 'R', 'Y')",3,3,2,3,1,1,0,1,0,0,1,1,0,1,0,0,1,1,0.5,0.416666666666667,0.166666666666667
"155",155,"EI2_11AY","children",79.8,"M","explanation","old","['R', 'Y', 'G']",NA,"(3, 2, 6, 1, 4, 5)","[1, 2, 2, 1, 1, 2]","('Y', 'R', 'R', 'G', 'Y', 'G')","('G', 'Y', 'R', 'Y', 'Y', 'R')",1,1,2,1,3,3,1,0,0,1,0,1,0,0,1,1,1,0,0.5,0.916666666666667,0.333333333333333
"156",156,"EI2_14FN","children",82.1,"M","explanation","old","['R', 'G', 'Y']",NA,"(1, 4, 6, 3, 2, 5)","[2, 2, 2, 2, 2, 2]","('G', 'Y', 'R', 'Y', 'R', 'G')","('Y', 'R', 'G', 'G', 'Y', 'R')",1,1,2,3,3,2,0,0,1,1,1,0,0,1,0,1,0,1,0.5,1,0
"157",157,"EI2_15KG","children",92.5,NA,"explanation","old","['G', 'Y', 'R']",NA,"(4, 5, 3, 2, 1, 6)","[1, 2, 2, 2, 2, 2]","('Y', 'G', 'Y', 'R', 'G', 'R')","('Y', 'G', 'G', 'Y', 'Y', 'R')",1,1,2,1,2,3,1,1,0,1,1,1,1,1,0,1,1,1,0.833333333,0.833333333333333,0.5
"158",158,"EI2_17EO","children",73.7,"M","explanation","old","['Y', 'R', 'G']",NA,"(3, 5, 2, 1, 6, 4)","[1, 1, 1, 1, 2, 2]","('Y', 'G', 'R', 'G', 'R', 'Y')","('G', 'G', 'Y', 'Y', 'G', 'Y')",1,1,2,1,2,2,1,0,0,1,0,1,0,0,0,1,1,1,0.5,0.916666666666667,0.333333333333333
"159",159,"EC2_19CB","children",87.9,"M","explanation","old","['Y', 'R', 'G']",NA,"(3, 5, 6, 1, 4, 2)","[2, 1, 2, 1, 1, 2]","('Y', 'G', 'R', 'G', 'Y', 'R')","('Y', 'G', 'R', 'Y', 'Y', 'R')",1,3,1,1,2,3,1,1,1,1,1,1,1,1,1,1,1,1,1,0.75,0.833333333333333
"160",160,"EI2_21ZL","children",87.2,"M","explanation","old","['Y', 'R', 'G']",NA,"(5, 3, 1, 2, 4, 6)","[1, 2, 2, 1, 1, 1]","('G', 'Y', 'G', 'R', 'Y', 'R')","('R', 'G', 'Y', 'R', 'Y', 'G')",1,3,2,1,3,2,1,1,1,1,1,0,1,1,1,1,1,0,0.833333333,0.916666666666667,0.333333333333333
"161",161,"EI2_23JT","children",87.9,"M","explanation","old","['G', 'Y', 'R']",NA,"(5, 2, 6, 1, 4, 3)","[1, 2, 1, 1, 2, 2]","('G', 'R', 'R', 'G', 'Y', 'Y')","('G', 'R', 'R', 'G', 'Y', 'Y')",2,3,1,1,2,3,1,1,1,1,1,1,1,1,1,1,1,1,1,0.666666666666667,1
"162",162,"EI2_25KT","children",74,"M","explanation","old","['G', 'R', 'Y']",NA,"(4, 3, 2, 1, 5, 6)","[1, 2, 2, 1, 1, 2]","('Y', 'Y', 'R', 'G', 'G', 'R')","('R', 'G', 'Y', 'Y', 'Y', 'Y')",1,1,2,3,1,1,0,1,0,0,0,0,0,0,1,0,0,0,0.166666667,0.666666666666667,0
"163",163,"EI2_27MM","children",76.5,"M","explanation","old","['G', 'Y', 'R']",NA,"(1, 5, 6, 3, 2, 4)","[1, 2, 2, 2, 1, 2]","('G', 'G', 'R', 'Y', 'R', 'Y')","('G', 'G', 'G', 'Y', 'Y', 'Y')",2,1,1,1,2,2,1,1,1,1,1,0,1,1,0,1,1,1,0.833333333,0.833333333333333,0.666666666666667
"164",164,"EI2_29JL","children",84.7,"M","explanation","old","['G', 'Y', 'R']",NA,"(2, 6, 5, 4, 3, 1)","[2, 1, 1, 1, 1, 2]","('R', 'R', 'G', 'Y', 'Y', 'G')","('Y', 'Y', 'R', 'Y', 'Y', 'Y')",1,1,1,1,3,1,0,1,1,1,0,1,1,1,0,1,1,0,0.666666667,0.833333333333333,0.333333333333333
"165",165,"EI2_31EG","children",87.4,"M","explanation","old","['G', 'R', 'Y']",NA,"(4, 5, 6, 1, 2, 3)","[1, 1, 1, 2, 1, 2]","('Y', 'G', 'R', 'G', 'R', 'Y')","('Y', 'G', 'R', 'G', 'R', 'Y')",2,3,1,1,2,3,1,1,1,1,1,1,1,1,1,1,1,1,1,0.666666666666667,1
"166",166,"EI2_33AS","children",85.1,NA,"explanation","old","['R', 'Y', 'G']",NA,"(6, 2, 3, 1, 5, 4)","[1, 2, 2, 2, 2, 1]","('R', 'R', 'Y', 'G', 'G', 'Y')","('G', 'Y', 'Y', 'Y', 'R', 'R')",1,1,1,3,3,2,1,0,1,0,1,0,0,0,1,1,1,0,0.5,1,0.166666666666667
"167",167,"EI2_35CZ","children",73.8,"M","explanation","old","['R', 'G', 'Y']",NA,"(1, 6, 3, 5, 4, 2)","[2, 1, 1, 2, 2, 1]","('G', 'R', 'Y', 'G', 'Y', 'R')","('G', 'G', 'G', 'R', 'R', 'Y')",2,1,2,3,3,2,1,0,0,0,0,0,1,0,0,0,0,0,0.166666667,0.916666666666667,0.166666666666667
"168",168,"EI2_36ED","children",73.7,"F","explanation","old","['G', 'Y', 'R']",NA,"(1, 5, 3, 4, 2, 6)","[1, 1, 2, 2, 1, 2]","('G', 'G', 'Y', 'Y', 'R', 'R')","('G', 'G', 'Y', 'G', 'R', 'Y')",2,3,1,2,2,1,1,1,1,0,1,1,1,1,1,0,1,1,0.833333333,0.416666666666667,0.666666666666667
"169",169,"EI2_39JM","children",73.8,"F","explanation","old","['Y', 'R', 'G']",NA,"(2, 3, 4, 1, 6, 5)","[2, 1, 1, 1, 1, 1]","('R', 'Y', 'Y', 'G', 'R', 'G')","('R', 'Y', 'G', 'Y', 'Y', 'R')",1,3,1,2,3,1,1,0,1,1,1,0,0,1,1,1,0,1,0.666666667,0.583333333333333,0.333333333333333
"170",170,"EI2_41CR","children",93.5,"F","explanation","old","['R', 'Y', 'G']",NA,"(6, 1, 3, 5, 4, 2)","[2, 1, 2, 1, 2, 2]","('R', 'G', 'Y', 'G', 'Y', 'R')","('G', 'Y', 'G', 'R', 'Y', 'Y')",1,1,2,1,3,2,0,1,0,0,1,0,0,0,0,1,0,1,0.333333333,1,0.166666666666667
"171",171,"EI2_42CH","children",78,"F","explanation","old","['G', 'R', 'Y']",NA,"(2, 5, 3, 4, 1, 6)","[1, 2, 2, 2, 1, 2]","('R', 'G', 'Y', 'Y', 'G', 'R')","('Y', 'G', 'G', 'Y', 'Y', 'G')",1,1,2,1,2,2,1,1,1,1,1,1,1,1,1,1,1,1,1,0.916666666666667,0.333333333333333
"172",172,"EI2_43DS","children",94,"F","explanation","old","['Y', 'G', 'R']",NA,"(4, 1, 2, 3, 6, 5)","[1, 1, 1, 1, 1, 2]","('Y', 'G', 'R', 'Y', 'R', 'G')","('Y', 'R', 'R', 'Y', 'R', 'G')",3,3,1,1,2,3,0,1,1,1,1,1,1,0,1,1,1,1,0.833333333,0.583333333333333,0.833333333333333
"173",173,"EI2_45OT","children",89.4,"F","explanation","old","['Y', 'G', 'R']",NA,"(3, 5, 6, 4, 2, 1)","[2, 1, 2, 1, 2, 2]","('Y', 'G', 'R', 'Y', 'R', 'G')","('Y', 'G', 'R', 'Y', 'R', 'G')",2,3,1,1,2,3,1,1,1,1,1,1,1,1,1,1,1,1,1,0.666666666666667,1
"174",174,"EI2_47ND","children",95,"M","explanation","old","['Y', 'R', 'G']",NA,"(4, 2, 1, 3, 6, 5)","[1, 2, 2, 2, 1, 2]","('Y', 'R', 'G', 'Y', 'R', 'G')","('Y', 'R', 'Y', 'G', 'G', 'R')",1,3,2,1,3,2,0,1,1,1,0,0,1,1,0,1,0,0,0.5,0.916666666666667,0.333333333333333
"175",175,"EI2_50HL","children",95.4,"F","explanation","old","['G', 'R', 'Y']",NA,"(1, 5, 2, 6, 4, 3)","[2, 2, 1, 1, 2, 1]","('G', 'G', 'R', 'R', 'Y', 'Y')","('G', 'R', 'Y', 'G', 'R', 'G')",2,1,2,3,3,2,1,1,0,0,0,0,1,0,1,0,0,0,0.333333333,0.916666666666667,0.166666666666667
"176",176,"EI2_51AM","children",75.1,"F","explanation","old","['G', 'Y', 'R']",NA,"(1, 2, 3, 6, 5, 4)","[2, 2, 2, 2, 1, 1]","('G', 'R', 'Y', 'R', 'G', 'Y')","('Y', 'R', 'Y', 'G', 'R', 'Y')",1,3,1,1,3,2,1,0,1,1,0,1,1,0,1,1,0,1,0.666666667,0.916666666666667,0.5
"177",177,"EI2_53JS","children",75.1,"M","explanation","old","['R', 'Y', 'G']",NA,"(5, 3, 1, 6, 4, 2)","[1, 2, 2, 2, 1, 2]","('G', 'Y', 'G', 'R', 'Y', 'R')","('G', 'Y', 'G', 'R', 'Y', 'G')",2,2,1,1,2,3,1,1,1,1,1,1,1,1,1,1,1,1,1,0.583333333333333,0.833333333333333
"178",178,"EI2_55AT","children",90.3,"F","explanation","old","['Y', 'G', 'R']",NA,"(6, 5, 4, 2, 1, 3)","[1, 1, 2, 2, 1, 2]","('R', 'G', 'Y', 'R', 'G', 'Y')","('Y', 'G', 'R', 'R', 'G', 'Y')",2,3,1,3,2,1,0,1,1,0,1,1,1,1,0,1,0,1,0.666666667,0.583333333333333,0.666666666666667
"179",179,"EI2_57ZF","children",92.4,"F","explanation","old","['G', 'Y', 'R']",NA,"(2, 6, 4, 3, 1, 5)","[2, 2, 1, 2, 1, 1]","('R', 'R', 'Y', 'Y', 'G', 'G')","('Y', 'G', 'G', 'R', 'Y', 'R')",1,1,3,2,3,2,0,1,1,0,1,0,1,0,0,1,0,1,0.5,0.666666666666667,0
"180",180,"EI2_59MM","children",89.8,"F","explanation","old","['R', 'Y', 'G']",NA,"(3, 1, 4, 2, 5, 6)","[1, 2, 1, 2, 1, 2]","('Y', 'G', 'Y', 'R', 'G', 'R')","('Y', 'G', 'Y', 'R', 'G', 'R')",2,3,1,1,2,3,1,1,1,1,1,1,1,1,1,1,1,1,1,0.666666666666667,1
"181",181,"EI2_61VW","children",79.3,"M","explanation","old","['R', 'Y', 'G']",NA,"(4, 5, 6, 3, 1, 2)","[2, 1, 1, 2, 2, 2]","('Y', 'G', 'R', 'Y', 'G', 'R')","('G', 'Y', 'G', 'G', 'Y', 'Y')",1,1,2,2,1,2,1,1,0,0,0,1,0,0,1,0,1,1,0.5,0.666666666666667,0
"182",182,"EI2_63IJH","children",76.5,"M","explanation","old","['Y', 'G', 'R']",NA,"(2, 3, 1, 6, 5, 4)","[1, 1, 2, 2, 2, 1]","('R', 'Y', 'G', 'R', 'G', 'Y')","('Y', 'Y', 'G', 'G', 'G', 'Y')",2,1,1,1,2,2,1,1,0,1,1,1,1,0,1,1,1,1,0.833333333,0.833333333333333,0.666666666666667
"183",183,"EI2_65WS","children",73.9,"M","explanation","old","['G', 'R', 'Y']",NA,"(5, 6, 4, 3, 1, 2)","[1, 1, 2, 2, 1, 1]","('G', 'R', 'Y', 'Y', 'G', 'R')","('Y', 'R', 'G', 'G', 'R', 'Y')",3,1,2,2,1,3,1,1,0,0,1,1,1,1,0,0,1,1,0.666666667,0.416666666666667,0.166666666666667
"184",184,"EI2_67SC","children",73.9,"F","explanation","old","['Y', 'R', 'G']",NA,"(2, 5, 1, 3, 6, 4)","[2, 1, 2, 2, 1, 2]","('R', 'G', 'G', 'Y', 'R', 'Y')","('R', 'G', 'Y', 'Y', 'R', 'Y')",1,3,1,1,2,3,1,0,1,1,1,1,0,1,1,1,1,1,0.833333333,0.75,0.833333333333333
"185",185,"EI2_71MR","children",95.1,"M","explanation","old","['G', 'R', 'Y']",NA,"(1, 4, 6, 3, 5, 2)","[1, 2, 2, 2, 2, 1]","('G', 'Y', 'R', 'Y', 'G', 'R')","('Y', 'Y', 'G', 'G', 'R', 'Y')",1,1,2,1,3,2,1,1,0,0,1,1,1,0,1,0,1,1,0.666666667,1,0.166666666666667
"186",186,"EI2_72ZM","children",94.1,"F","explanation","old","['G', 'Y', 'R']",NA,"(2, 3, 6, 1, 4, 5)","[2, 1, 1, 1, 1, 1]","('R', 'Y', 'R', 'G', 'Y', 'G')","('Y', 'Y', 'R', 'Y', 'Y', 'G')",1,1,1,1,2,3,0,1,1,1,1,1,1,1,1,0,1,1,0.833333333,0.833333333333333,0.666666666666667
"187",187,"EI2.2_32EA","children",61.9,"F","report","new","['Y', 'R', 'G']","B","(4, 6, 2, 5, 3, 1)","[1, 2, 1, 1, 1, 1]","('Y', 'R', 'R', 'G', 'Y', 'G')","('R', 'Y', 'R', 'Y', 'R', 'R')",3,3,3,3,1,1,0,1,0,0,0,0,0,0,1,0,0,0,0.166666667,0.25,0.166666666666667
"188",188,"EI2.2_33NI","children",56,"F","report","new","['Y', 'G', 'R']","A","(5, 3, 1, 6, 4, 2)","[2, 1, 2, 1, 1, 1]","('G', 'Y', 'G', 'R', 'Y', 'R')","('G', 'Y', 'G', 'R', 'Y', 'R')",2,3,1,1,2,3,1,1,1,1,1,1,1,1,1,1,1,1,1,0.666666666666667,1
"189",189,"EI2.2_36DA","children",69.3,"M","report","new","['G', 'Y', 'R']","A","(5, 1, 3, 6, 2, 4)","[1, 1, 1, 1, 1, 1]","('G', 'G', 'Y', 'R', 'R', 'Y')","('G', 'G', 'G', 'G', 'G', 'R')",2,2,2,3,2,2,1,0,1,1,1,0,1,1,1,0,0,1,0.666666667,0.666666666666667,0.333333333333333
"190",190,"EI2.2_37MH","children",66.2,"F","report","new","['Y', 'G', 'R']","B","(2, 6, 4, 3, 5, 1)","[1, 1, 1, 2, 1, 1]","('R', 'R', 'Y', 'Y', 'G', 'G')","('G', 'G', 'G', 'G', 'G', 'R')",3,2,2,2,2,2,1,1,0,0,1,1,1,1,0,0,1,1,0.666666667,0.416666666666667,0.166666666666667
"191",191,"EI2.2_38J","children",101.2,"M","report","new","['Y', 'R', 'G']","A","(3, 5, 1, 6, 2, 4)","[2, 2, 2, 1, 2, 1]","('Y', 'G', 'G', 'R', 'R', 'Y')","('Y', 'G', 'G', 'R', 'Y', 'G')",2,1,1,2,2,3,1,0,1,1,1,1,1,1,1,1,0,1,0.833333333,0.583333333333333,0.666666666666667
"192",192,"EI2.2_39HC","children",94.1,"F","report","new","['Y', 'R', 'G']","A","(3, 1, 5, 4, 2, 6)","[1, 2, 2, 2, 1, 1]","('Y', 'G', 'G', 'Y', 'R', 'R')","('Y', 'G', 'G', 'Y', 'Y', 'R')",2,1,1,1,2,3,1,1,1,1,1,1,1,1,1,1,1,1,1,0.75,0.833333333333333
"193",193,"EI2.2_40NHR","children",73.2,"M","report","new","['G', 'R', 'Y']","B","(2, 4, 6, 3, 1, 5)",NA,"('R', 'Y', 'R', 'Y', 'G', 'G')","('R', 'G', 'Y', 'Y', 'G', 'R')",2,3,1,2,3,1,1,0,1,1,1,0,0,1,0,1,1,1,0.666666667,0.5,0.5
"194",194,"EI2.2_41RS","children",95.8,"M","report","new","['G', 'Y', 'R']","B","(2, 6, 4, 1, 3, 5)","[2, 1, 2, 2, 2, 1]","('R', 'R', 'Y', 'G', 'Y', 'G')","('R', 'R', 'R', 'G', 'Y', 'G')",2,3,1,3,2,3,1,1,1,0,1,1,1,1,0,1,1,1,0.833333333,0.666666666666667,0.833333333333333
"195",195,"EI2.2_42AL","children",70.1,"F","report","new","['R', 'G', 'Y']","B","(4, 6, 2, 3, 5, 1)","[2, 2, 2, 2, 2, 2]","('Y', 'R', 'R', 'Y', 'G', 'G')","('R', 'Y', 'G', 'Y', 'R', 'Y')",1,2,1,3,3,1,1,1,1,0,0,0,0,0,1,1,0,1,0.5,0.666666666666667,0.166666666666667
"196",196,"EI2.2_43MB","children",71.1,"M","report","new","['Y', 'G', 'R']","A","(3, 5, 1, 2, 6, 4)","[2, 1, 2, 1, 1, 1]","('Y', 'G', 'G', 'R', 'R', 'Y')","('R', 'R', 'R', 'G', 'Y', 'R')",3,2,3,3,3,1,1,0,1,0,1,1,1,1,1,0,1,0,0.666666667,0.333333333333333,0
"197",197,"EI2.2_44AV","children",89.9,"M","report","new","['G', 'R', 'Y']","A","(1, 5, 3, 6, 4, 2)","[1, 2, 1, 2, 2, 1]","('G', 'G', 'Y', 'R', 'Y', 'R')","('G', 'Y', 'R', 'G', 'Y', 'Y')",2,1,3,1,1,2,0,0,0,0,0,1,0,0,0,1,0,0,0.166666667,0.583333333333333,0.333333333333333
"198",198,"EI2.2_46ZM","children",59.5,"F","report","new","['Y', 'G', 'R']","A","(5, 1, 3, 2, 4, 6)","[2, 2, 2, 1, 2, 2]","('G', 'G', 'Y', 'R', 'Y', 'R')","('Y', 'G', 'R', 'R', 'G', 'Y')",2,3,3,2,1,1,1,0,1,0,1,1,1,1,1,0,0,1,0.666666667,0.166666666666667,0.333333333333333
"199",199,"EI2.2_47S","children",75.5,"M","report","new","['R', 'G', 'Y']","B","(6, 4, 2, 5, 3, 1)","[2, 1, 2, 1, 1, 1]","('R', 'Y', 'R', 'G', 'Y', 'G')","('G', 'Y', 'Y', 'G', 'G', 'Y')",1,1,2,1,2,2,1,0,1,0,1,0,0,0,0,1,1,1,0.5,0.916666666666667,0.333333333333333
"200",200,"EI2.2_48CS","children",49.8,"M","report","new","['Y', 'R', 'G']","B","(4, 2, 6, 3, 5, 1)","[2, 2, 2, 1, 1, 1]","('Y', 'R', 'R', 'Y', 'G', 'G')","('G', 'Y', 'R', 'Y', 'R', 'Y')",1,1,1,2,3,3,1,0,0,0,0,0,0,0,0,0,0,1,0.166666667,0.75,0.333333333333333
"201",201,"EI2.2_49EB","children",90.9,"F","report","new","['Y', 'R', 'G']","A","(1, 5, 3, 6, 2, 4)","[2, 1, 2, 2, 1, 2]","('G', 'G', 'Y', 'R', 'R', 'Y')","('Y', 'R', 'G', 'R', 'R', 'Y')",1,3,2,1,3,3,0,0,0,1,1,1,0,1,0,1,0,1,0.5,0.833333333333333,0.5
"202",202,"EI2.2_50MG","children",71.4,"F","report","new","['Y', 'R', 'G']","B","(4, 2, 6, 3, 1, 5)","[1, 2, 1, 1, 1, 2]","('Y', 'R', 'R', 'Y', 'G', 'G')","('G', 'Y', 'Y', 'R', 'Y', 'Y')",1,1,3,2,1,1,1,0,0,1,1,0,1,0,0,0,1,1,0.5,0.333333333333333,0
"203",203,"EI2.2_51J","children",75.3,"M","report","new","['Y', 'G', 'R']","A","(5, 3, 1, 4, 2, 6)","[2, 1, 1, 2, 2, 1]","('G', 'Y', 'G', 'Y', 'R', 'R')","('R', 'G', 'Y', 'R', 'Y', 'G')",1,1,2,3,3,2,1,0,1,1,1,0,1,1,1,1,0,0,0.666666667,1,0
"204",204,"EI2.2_52CN","children",61.4,"M","report","new","['R', 'G', 'Y']","A","(5, 1, 3, 6, 2, 4)","[2, 1, 1, 1, 2, 2]","('G', 'G', 'Y', 'R', 'R', 'Y')","('G', 'R', 'G', 'R', 'G', 'Y')",3,2,2,1,2,3,1,1,1,1,1,0,1,1,1,0,1,1,0.833333333,0.5,0.5
"205",205,"EI2.2_53JPK","children",75.4,"F","report","new","['R', 'Y', 'G']","B","(2, 6, 4, 3, 1, 5)","[1, 2, 2, 1, 1, 2]","('R', 'R', 'Y', 'Y', 'G', 'G')","('Y', 'G', 'R', 'Y', 'Y', 'R')",1,1,1,3,3,2,0,0,1,0,1,1,0,1,0,1,0,1,0.5,1,0.166666666666667
"206",206,"EI2.2_54HY","children",91,"M","report","new","['G', 'R', 'Y']","A","(5, 3, 1, 6, 2, 4)","[2, 1, 2, 2, 1, 1]","('G', 'Y', 'G', 'R', 'R', 'Y')","('G', 'Y', 'Y', 'G', 'Y', 'Y')",1,1,1,1,2,2,0,1,1,0,1,0,1,1,0,0,1,0,0.5,0.916666666666667,0.5
"207",207,"EI2.2_55RY","children",69.2,"M","report","new","['Y', 'R', 'G']","B","(2, 4, 6, 5, 3, 1)","[1, 1, 2, 2, 2, 2]","('R', 'Y', 'R', 'G', 'Y', 'G')","('Y', 'R', 'G', 'G', 'Y', 'Y')",1,1,1,3,2,2,0,0,1,0,1,0,0,0,0,1,1,0,0.333333333,0.916666666666667,0.333333333333333
"208",208,"EI2_2MB","children",77.8,"F","report","old","['G', 'Y', 'R']",NA,"(6, 4, 1, 3, 5, 2)","[1, 1, 2, 1, 2, 1]","('R', 'Y', 'G', 'Y', 'G', 'R')","('G', 'R', 'Y', 'Y', 'G', 'Y')",1,1,1,3,2,2,1,1,0,1,0,0,0,1,1,0,0,1,0.5,0.916666666666667,0.333333333333333
"209",209,"EI2_4KP","children",85.5,"M","report","old","['R', 'G', 'Y']",NA,"(6, 2, 5, 1, 3, 4)","[1, 1, 2, 2, 1, 2]","('R', 'R', 'G', 'G', 'Y', 'Y')","('G', 'R', 'R', 'Y', 'Y', 'Y')",1,3,1,1,3,2,0,1,1,1,0,0,0,1,0,0,1,1,0.5,0.916666666666667,0.5
"210",210,"EI2_6CM","children",72.3,"M","report","old","['G', 'R', 'Y']",NA,"(1, 4, 5, 3, 6, 2)","[2, 1, 2, 2, 1, 1]","('G', 'Y', 'G', 'Y', 'R', 'R')","('G', 'R', 'R', 'G', 'G', 'Y')",2,1,2,3,3,2,0,1,0,1,1,0,0,1,1,0,0,1,0.5,0.916666666666667,0.166666666666667
"211",211,"EI2_8EY","children",95.5,"F","report","old","['Y', 'G', 'R']",NA,"(2, 3, 1, 5, 6, 4)","[2, 2, 1, 2, 1, 2]","('R', 'Y', 'G', 'G', 'R', 'Y')","('Y', 'Y', 'Y', 'G', 'Y', 'Y')",1,1,1,1,2,1,1,0,1,1,1,1,0,1,1,1,1,1,0.833333333,0.75,0.5
"212",212,"EI2_10JU","children",83.7,NA,"report","old","['Y', 'G', 'R']",NA,"(3, 2, 5, 1, 4, 6)","[2, 2, 2, 1, 1, 1]","('Y', 'R', 'G', 'G', 'Y', 'R')","('G', 'Y', 'G', 'R', 'R', 'Y')",3,1,2,3,2,1,1,0,1,1,1,1,1,0,1,1,1,1,0.833333333,0.583333333333333,0.166666666666667
"213",213,"EI2_12AG","children",90,"F","report","old","['G', 'Y', 'R']",NA,"(4, 1, 3, 6, 2, 5)","[2, 1, 2, 1, 1, 2]","('Y', 'G', 'Y', 'R', 'R', 'G')","('Y', 'Y', 'G', 'G', 'Y', 'R')",1,1,2,1,3,2,0,1,1,0,0,1,0,0,1,1,1,0,0.5,1,0.166666666666667
"214",214,"EI2_13MM","children",90.2,"F","report","old","['Y', 'G', 'R']",NA,"(6, 2, 1, 5, 4, 3)","[2, 2, 2, 1, 2, 2]","('R', 'R', 'G', 'G', 'Y', 'Y')","('G', 'Y', 'Y', 'R', 'Y', 'Y')",1,1,1,1,3,2,0,0,1,1,0,1,1,0,0,0,1,1,0.5,1,0.333333333333333
"215",215,"EI2_16CS","children",80.5,"F","report","old","['R', 'G', 'Y']",NA,"(4, 2, 1, 3, 5, 6)","[1, 2, 1, 1, 2, 2]","('Y', 'R', 'G', 'Y', 'G', 'R')","('Y', 'Y', 'R', 'G', 'G', 'R')",3,1,2,1,2,3,0,1,0,1,0,0,1,1,0,0,0,0,0.333333333,0.666666666666667,0.5
"216",216,"EI2_18AF","children",72.4,"F","report","old","['Y', 'G', 'R']",NA,"(5, 2, 6, 1, 4, 3)","[1, 1, 2, 1, 1, 2]","('G', 'R', 'R', 'G', 'Y', 'Y')","('R', 'Y', 'G', 'G', 'Y', 'R')",2,1,3,1,3,2,1,0,0,0,1,1,1,0,1,1,0,0,0.5,0.75,0.333333333333333
"217",217,"EI2_20EA","children",82.2,"M","report","old","['G', 'R', 'Y']",NA,"(2, 6, 1, 5, 4, 3)","[1, 1, 1, 2, 2, 2]","('R', 'R', 'G', 'G', 'Y', 'Y')","('Y', 'G', 'G', 'R', 'Y', 'Y')",2,1,1,1,3,2,0,0,1,1,0,1,0,1,0,0,1,1,0.5,0.916666666666667,0.5
"218",218,"EI2_22HC","children",79.6,"M","report","old","['R', 'G', 'Y']",NA,"(6, 1, 5, 2, 3, 4)","[1, 2, 1, 1, 2, 2]","('R', 'G', 'G', 'R', 'Y', 'Y')","('Y', 'G', 'G', 'Y', 'G', 'Y')",2,1,2,1,2,1,1,1,0,1,1,1,1,1,1,1,0,1,0.833333333,0.666666666666667,0.5
"219",219,"EI2_24AL","children",84.4,"M","report","old","['G', 'R', 'Y']",NA,"(6, 2, 5, 4, 1, 3)","[1, 1, 1, 1, 1, 2]","('R', 'R', 'G', 'Y', 'G', 'Y')","('Y', 'Y', 'G', 'Y', 'Y', 'Y')",1,1,1,1,2,1,1,0,1,1,1,1,1,0,1,1,1,1,0.833333333,0.75,0.5
"220",220,"EI2_26AH","children",78.9,"M","report","old","['G', 'R', 'Y']",NA,"(1, 3, 5, 6, 4, 2)","[1, 1, 1, 1, 2, 1]","('G', 'Y', 'G', 'R', 'Y', 'R')","('Y', 'Y', 'G', 'R', 'Y', 'Y')",1,1,1,1,2,3,0,1,0,1,0,0,0,0,0,0,1,1,0.333333333,0.833333333333333,0.666666666666667
"221",221,"EI2_28ZZ","children",73.4,"M","report","old","['R', 'G', 'Y']",NA,"(4, 5, 2, 1, 3, 6)","[1, 1, 2, 2, 1, 1]","('Y', 'G', 'R', 'G', 'Y', 'R')","('Y', 'R', 'Y', 'Y', 'Y', 'G')",1,1,1,1,3,2,1,0,0,1,0,1,1,0,0,1,0,1,0.5,1,0.333333333333333
"222",222,"EI2_30IM","children",75,"M","report","old","['Y', 'G', 'R']",NA,"(5, 6, 3, 1, 4, 2)","[1, 1, 2, 1, 1, 2]","('G', 'R', 'Y', 'G', 'Y', 'R')","('R', 'G', 'R', 'R', 'R', 'R')",3,3,3,3,3,2,0,1,0,0,0,1,0,1,0,0,0,1,0.333333333,0.583333333333333,0.166666666666667
"223",223,"EI2_32SY","children",78.6,"F","report","old","['Y', 'G', 'R']",NA,"(3, 1, 2, 6, 5, 4)","[1, 2, 1, 2, 1, 1]","('Y', 'G', 'R', 'R', 'G', 'Y')","('R', 'Y', 'G', 'R', 'G', 'Y')",1,2,3,1,2,3,1,0,0,1,1,1,0,1,0,1,1,1,0.666666667,0.5,0.5
"224",224,"EI2_34VP","children",91.9,NA,"report","old","['R', 'G', 'Y']",NA,"(6, 3, 2, 4, 1, 5)","[1, 2, 2, 2, 2, 2]","('R', 'Y', 'R', 'Y', 'G', 'G')","('G', 'Y', 'Y', 'R', 'Y', 'Y')",1,1,1,3,1,2,1,0,1,0,1,1,1,1,0,0,1,1,0.666666667,0.833333333333333,0.166666666666667
"225",225,"EI2_37OB","children",90.8,"M","report","old","['R', 'Y', 'G']",NA,"(6, 4, 3, 5, 2, 1)","[2, 2, 1, 2, 1, 2]","('R', 'Y', 'Y', 'G', 'R', 'G')","('R', 'Y', 'G', 'G', 'Y', 'Y')",1,1,2,1,2,3,0,1,1,1,1,1,1,1,1,1,1,0,0.833333333,0.833333333333333,0.5
"226",226,"EI2_38HP","children",80.1,"M","report","old","['R', 'G', 'Y']",NA,"(6, 3, 2, 4, 1, 5)","[2, 2, 2, 1, 1, 2]","('R', 'Y', 'R', 'Y', 'G', 'G')","('R', 'G', 'Y', 'Y', 'Y', 'Y')",1,1,2,1,1,3,0,1,0,1,1,1,1,0,1,1,0,1,0.666666667,0.75,0.333333333333333
"227",227,"EI2_40JR","children",93.5,"F","report","old","['R', 'Y', 'G']",NA,"(1, 3, 6, 5, 4, 2)","[1, 2, 1, 1, 2, 1]","('G', 'Y', 'R', 'G', 'Y', 'R')","('Y', 'R', 'G', 'R', 'R', 'Y')",1,1,3,3,3,2,0,0,0,1,1,1,0,0,1,1,1,0,0.5,0.833333333333333,0
"228",228,"EI2_44ES","children",83,"F","report","old","['G', 'R', 'Y']",NA,"(4, 2, 1, 6, 3, 5)","[1, 2, 1, 2, 2, 2]","('Y', 'R', 'G', 'R', 'Y', 'G')","('G', 'R', 'Y', 'Y', 'Y', 'G')",1,3,1,2,2,1,0,0,0,0,1,1,0,0,0,1,0,1,0.333333333,0.5,0.5
"229",229,"EI2_46KM","children",95.1,"F","report","old","['Y', 'G', 'R']",NA,"(1, 2, 3, 4, 5, 6)","[1, 2, 1, 1, 1, 2]","('G', 'R', 'Y', 'Y', 'G', 'R')","('Y', 'Y', 'Y', 'G', 'R', 'R')",1,1,1,2,3,3,1,1,1,1,0,1,1,1,1,1,0,1,0.833333333,0.75,0.333333333333333
"230",230,"EI2_48TK","children",92.7,"M","report","old","['R', 'Y', 'G']",NA,"(3, 5, 4, 6, 1, 2)","[2, 2, 1, 2, 1, 2]","('Y', 'G', 'Y', 'R', 'G', 'R')","('Y', 'G', 'Y', 'R', 'G', 'Y')",2,1,1,1,2,3,1,0,1,1,1,1,1,1,1,1,1,0,0.833333333,0.75,0.833333333333333
"231",231,"EI2_49OL","children",89.6,"M","report","old","['Y', 'R', 'G']",NA,"(6, 2, 1, 5, 3, 4)","[1, 1, 1, 1, 2, 2]","('R', 'R', 'G', 'G', 'Y', 'Y')","('G', 'R', 'G', 'G', 'Y', 'Y')",2,3,1,1,2,2,1,1,1,1,1,1,1,1,1,1,1,1,1,0.75,0.833333333333333
"232",232,"EI2_52NC","children",79.4,"M","report","old","['G', 'R', 'Y']",NA,"(1, 3, 2, 5, 4, 6)","[2, 2, 1, 2, 2, 1]","('G', 'Y', 'R', 'G', 'Y', 'R')","('Y', 'Y', 'Y', 'R', 'Y', 'G')",1,1,1,1,3,2,1,0,1,1,0,0,1,1,0,0,1,0,0.5,1,0.333333333333333
"233",233,"EI2_54HG","children",75.7,"M","report","old","['R', 'G', 'Y']",NA,"(5, 1, 4, 3, 6, 2)","[1, 1, 2, 2, 1, 2]","('G', 'G', 'Y', 'Y', 'R', 'R')","('Y', 'Y', 'R', 'G', 'G', 'Y')",1,1,2,3,1,2,0,0,0,0,0,1,0,0,0,0,1,0,0.166666667,0.833333333333333,0
"234",234,"EI2_56PC","children",95,"F","report","old","['Y', 'G', 'R']",NA,"(6, 5, 1, 2, 4, 3)","[2, 2, 1, 1, 1, 1]","('R', 'G', 'G', 'R', 'Y', 'Y')","('R', 'Y', 'G', 'R', 'Y', 'Y')",2,3,1,1,1,3,1,1,1,1,1,1,1,1,1,1,1,1,1,0.583333333333333,0.833333333333333
"235",235,"EI2_58JW","children",89.8,"M","report","old","['Y', 'G', 'R']",NA,"(1, 4, 5, 6, 3, 2)","[1, 2, 1, 2, 2, 2]","('G', 'Y', 'G', 'R', 'Y', 'R')","('Y', 'R', 'R', 'G', 'R', 'G')",1,2,3,3,3,2,0,1,0,1,0,1,0,1,0,1,0,1,0.5,0.666666666666667,0
"236",236,"EI2_60MC","children",87.7,"F","report","old","['Y', 'R', 'G']",NA,"(6, 1, 2, 3, 5, 4)","[1, 2, 2, 1, 1, 2]","('R', 'G', 'R', 'Y', 'G', 'Y')","('R', 'G', 'R', 'Y', 'G', 'Y')",2,3,1,1,2,3,1,1,1,1,1,1,1,1,1,1,1,1,1,0.666666666666667,1
"237",237,"EI2_62HL","children",93.4,"F","report","old","['Y', 'R', 'G']",NA,"(5, 4, 2, 6, 3, 1)","[2, 2, 2, 2, 1, 2]","('G', 'Y', 'R', 'R', 'Y', 'G')","('G', 'Y', 'G', 'R', 'Y', 'Y')",1,2,1,1,2,3,1,1,1,1,1,1,1,1,1,1,1,1,1,0.666666666666667,0.666666666666667
"238",238,"EI2_64HH","children",94,"F","report","old","['R', 'G', 'Y']",NA,"(5, 6, 1, 2, 3, 4)","[1, 2, 2, 1, 1, 1]","('G', 'R', 'G', 'R', 'Y', 'Y')","('R', 'G', 'Y', 'Y', 'G', 'Y')",1,1,2,1,3,2,0,1,0,1,1,1,1,1,0,1,0,1,0.666666667,1,0.166666666666667
"239",239,"EI2_66BP","children",88.1,"M","report","old","['G', 'Y', 'R']",NA,"(2, 4, 3, 1, 5, 6)","[1, 2, 2, 2, 1, 2]","('R', 'Y', 'Y', 'G', 'G', 'R')","('Y', 'R', 'G', 'G', 'R', 'R')",2,1,2,3,3,3,1,0,1,0,1,0,0,0,1,1,1,0,0.5,0.833333333333333,0.333333333333333
"240",240,"EI2_69PR","children",85.2,"M","report","old","['Y', 'G', 'R']",NA,"(5, 1, 2, 3, 6, 4)","[2, 1, 2, 1, 1, 2]","('G', 'G', 'R', 'Y', 'R', 'Y')","('R', 'Y', 'Y', 'Y', 'R', 'Y')",1,1,1,1,3,3,1,1,0,1,1,0,1,1,1,0,0,1,0.666666667,0.916666666666667,0.5
"241",241,"EI2_68AP","children",85.5,"M","report","old","['R', 'G', 'Y']",NA,"(6, 3, 5, 4, 2, 1)","[1, 1, 1, 1, 1, 1]","('R', 'Y', 'G', 'Y', 'R', 'G')","('G', 'Y', 'R', 'R', 'Y', 'Y')",1,1,1,3,3,2,1,0,1,0,1,1,1,1,1,0,0,1,0.666666667,1,0.166666666666667
"242",242,"EI2_70AR","children",63.8,"F","report","old","['G', 'R', 'Y']",NA,"(1, 3, 2, 5, 4, 6)","[2, 1, 2, 2, 2, 1]","('G', 'Y', 'R', 'G', 'Y', 'R')","('Y', 'Y', 'Y', 'G', 'R', 'G')",1,1,1,3,2,2,0,1,1,1,1,0,0,1,1,1,1,0,0.666666667,0.916666666666667,0.333333333333333
"243",243,"EI2_73A","children",73,NA,"report","old","['Y', 'R', 'G']",NA,"(1, 3, 4, 2, 5, 6)","[2, 1, 2, 1, 2, 1]","('G', 'Y', 'Y', 'R', 'G', 'R')","('G', 'Y', 'R', 'Y', 'R', 'G')",2,1,1,3,3,2,1,0,1,0,0,0,1,1,0,0,0,0,0.333333333,0.916666666666667,0.333333333333333
"244",244,"EI2_74RT","children",78.8,NA,"report","old","['R', 'G', 'Y']",NA,"(5, 1, 2, 3, 4, 6)","[1, 1, 2, 1, 2, 2]","('G', 'G', 'R', 'Y', 'Y', 'R')","('R', 'G', 'Y', 'G', 'R', 'Y')",2,1,2,3,3,1,1,1,1,1,1,1,1,1,1,1,1,1,1,0.75,0.166666666666667
